,experiment,target,lang,translator,model,tw,type,f1,support,soubor,tweet,red
337,"{'typ': 'r', 'dataset': 'ru', 'jazyk': 'hu', 'prekladac_do_aj': 'deepl', 'model': 'llama2', 'tweet': 'tweet', 'red': 'red'}",ru,hu,deepl,llama2,,all,92,103,r_ru_hu_deepl_llama2_epoch_ref_tweet_reduced_3.csv,tweet,red
109,"{'typ': 'r', 'dataset': 'ua', 'jazyk': 'hu', 'prekladac_do_aj': 'deepl', 'model': 'mistral', 'tweet': 'tweet', 'red': 'red'}",ua,hu,deepl,mistral,,all,91.5,107,r_ua_hu_deepl_mistral_epoch_ref_tweet_reduced_3.csv,tweet,red
353,"{'typ': 'r', 'dataset': 'ru', 'jazyk': 'hu', 'prekladac_do_aj': 'deepl', 'model': 'llama2', 'red': 'red', 'tweet': 'no'}",ru,hu,deepl,llama2,,all,90,103,r_ru_hu_deepl_llama2_epoch_reduced_3.csv,no,red
133,"{'typ': 'r', 'dataset': 'ru', 'jazyk': 'pl', 'prekladac_do_aj': 'helsinki', 'model': 'llama2', 'red': 'red', 'tweet': 'no'}",ru,pl,helsinki,llama2,,all,89.2,102,r_ru_pl_helsinki_llama2_epoch_reduced_3.csv,no,red
79,"{'typ': 'r', 'dataset': 'ua', 'jazyk': 'pl', 'prekladac_do_aj': 'deepl', 'model': 'mistral', 'red': 'red', 'tweet': 'no'}",ua,pl,deepl,mistral,,all,88.3,95,r_ua_pl_deepl_mistral_epoch_reduced_5.csv,no,red
77,"{'typ': 'r', 'dataset': 'ru', 'jazyk': 'pl', 'prekladac_do_aj': 'helsinki', 'model': 'llama2', 'tweet': 'tweet', 'red': 'red'}",ru,pl,helsinki,llama2,,all,88.2,102,r_ru_pl_helsinki_llama2_epoch_ref_tweet_reduced_3.csv,tweet,red
268,"{'typ': 'r', 'dataset': 'ru', 'jazyk': 'pl', 'prekladac_do_aj': 'deepl', 'model': 'mistral', 'red': 'red', 'tweet': 'no'}",ru,pl,deepl,mistral,,all,88.2,102,r_ru_pl_deepl_mistral_epoch_reduced_3.csv,no,red
269,"{'typ': 'r', 'dataset': 'ru', 'jazyk': 'cs', 'prekladac_do_aj': 'deepl', 'model': 'mistral', 'red': 'red', 'tweet': 'no'}",ru,cs,deepl,mistral,,all,84,362,r_ru_cs_deepl_mistral_epoch_reduced_3.csv,no,red
191,"{'typ': 'r', 'dataset': 'ru', 'jazyk': 'cs', 'prekladac_do_aj': 'origin', 'model': 'llama2', 'red': 'red', 'tweet': 'no'}",ru,cs,origin,llama2,,all,81.3,362,r_ru_cs_origin_llama2_epoch_reduced_3.csv,no,red
179,"{'typ': 'r', 'dataset': 'ua', 'jazyk': 'cs', 'prekladac_do_aj': 'deepl', 'model': 'llama2', 'red': 'red', 'tweet': 'no'}",ua,cs,deepl,llama2,,all,87.9,298,r_ua_cs_deepl_llama2_epoch_reduced_3.csv,no,red
252,"{'typ': 'r', 'dataset': 'ru', 'jazyk': 'hu', 'prekladac_do_aj': 'origin', 'model': 'mistral', 'red': 'red', 'tweet': 'no'}",ru,hu,origin,mistral,,all,87.9,103,r_ru_hu_origin_mistral_epoch_reduced_3.csv,no,red
146,"{'typ': 'r', 'dataset': 'ua', 'jazyk': 'cs', 'prekladac_do_aj': 'deepl', 'model': 'llama2', 'tweet': 'tweet', 'red': 'red'}",ua,cs,deepl,llama2,,all,87.6,298,r_ua_cs_deepl_llama2_epoch_ref_tweet_reduced_3.csv,tweet,red
207,"{'typ': 'r', 'dataset': 'ua', 'jazyk': 'pl', 'prekladac_do_aj': 'helsinki', 'model': 'llama2', 'tweet': 'tweet', 'red': 'red'}",ua,pl,helsinki,llama2,,all,87.3,95,r_ua_pl_helsinki_llama2_epoch_ref_tweet_reduced_5.csv,tweet,red
335,"{'typ': 'r', 'dataset': 'ru', 'jazyk': 'hu', 'prekladac_do_aj': 'helsinki', 'model': 'llama2', 'red': 'red', 'tweet': 'no'}",ru,hu,helsinki,llama2,,all,87.3,103,r_ru_hu_helsinki_llama2_epoch_reduced_3.csv,no,red
251,"{'typ': 'r', 'dataset': 'ru', 'jazyk': 'pl', 'prekladac_do_aj': 'deepl', 'model': 'llama2', 'red': 'red', 'tweet': 'no'}",ru,pl,deepl,llama2,,all,87.3,102,r_ru_pl_deepl_llama2_epoch_reduced_3.csv,no,red
120,"{'typ': 'r', 'dataset': 'ru', 'jazyk': 'hu', 'prekladac_do_aj': 'deepl', 'model': 'mistral', 'tweet': 'tweet', 'red': 'red'}",ru,hu,deepl,mistral,,all,86.9,103,r_ru_hu_deepl_mistral_epoch_ref_tweet_reduced_3.csv,tweet,red
149,"{'typ': 'r', 'dataset': 'ua', 'jazyk': 'hu', 'prekladac_do_aj': 'deepl', 'model': 'llama2', 'red': 'red', 'tweet': 'no'}",ua,hu,deepl,llama2,,all,86.9,107,r_ua_hu_deepl_llama2_epoch_reduced_3.csv,no,red
213,"{'typ': 'r', 'dataset': 'ua', 'jazyk': 'hu', 'prekladac_do_aj': 'helsinki', 'model': 'mistral', 'tweet': 'tweet', 'red': 'red'}",ua,hu,helsinki,mistral,,all,86.9,107,r_ua_hu_helsinki_mistral_epoch_ref_tweet_reduced_3.csv,tweet,red
156,"{'typ': 'r', 'dataset': 'ua', 'jazyk': 'hu', 'prekladac_do_aj': 'deepl', 'model': 'mistral', 'red': 'red', 'tweet': 'no'}",ua,hu,deepl,mistral,,all,86.9,107,r_ua_hu_deepl_mistral_epoch_reduced_3.csv,no,red
276,"{'typ': 'r', 'dataset': 'ru', 'jazyk': 'cs', 'prekladac_do_aj': 'deepl', 'model': 'llama3', 'tweet': 'tweet', 'red': 'red'}",ru,cs,deepl,llama3,,all,86.6,362,r_ru_cs_deepl_llama3_epoch_ref_tweet_reduced_5.csv,tweet,red
219,"{'typ': 'r', 'dataset': 'ru', 'jazyk': 'hu', 'prekladac_do_aj': 'helsinki', 'model': 'llama2', 'tweet': 'tweet', 'red': 'red'}",ru,hu,helsinki,llama2,,all,86.3,103,r_ru_hu_helsinki_llama2_epoch_ref_tweet_reduced_3.csv,tweet,red
177,"{'typ': 'r', 'dataset': 'ru', 'jazyk': 'pl', 'prekladac_do_aj': 'deepl', 'model': 'mistral', 'tweet': 'tweet', 'red': 'red'}",ru,pl,deepl,mistral,,all,86.3,102,r_ru_pl_deepl_mistral_epoch_ref_tweet_reduced_3.csv,tweet,red
76,"{'typ': 'r', 'dataset': 'ru', 'jazyk': 'pl', 'prekladac_do_aj': 'deepl', 'model': 'llama2', 'tweet': 'tweet', 'red': 'red'}",ru,pl,deepl,llama2,,all,86.3,102,r_ru_pl_deepl_llama2_epoch_ref_tweet_reduced_3.csv,tweet,red
55,"{'typ': 'r', 'dataset': 'ru', 'jazyk': 'hu', 'prekladac_do_aj': 'helsinki', 'model': 'mistral', 'red': 'red', 'tweet': 'no'}",ru,hu,helsinki,mistral,,all,86.2,103,r_ru_hu_helsinki_mistral_epoch_reduced_3.csv,no,red
58,"{'typ': 'r', 'dataset': 'ru', 'jazyk': 'pl', 'prekladac_do_aj': 'origin', 'model': 'llama2', 'red': 'red', 'tweet': 'no'}",ru,pl,origin,llama2,,all,86.2,102,r_ru_pl_origin_llama2_epoch_reduced_3.csv,no,red
8,"{'typ': 'r', 'dataset': 'ua', 'jazyk': 'pl', 'prekladac_do_aj': 'deepl', 'model': 'llama2', 'tweet': 'tweet', 'red': 'red'}",ua,pl,deepl,llama2,,all,86.2,95,r_ua_pl_deepl_llama2_epoch_ref_tweet_reduced_5.csv,tweet,red
329,"{'typ': 'r', 'dataset': 'ua', 'jazyk': 'cs', 'prekladac_do_aj': 'helsinki', 'model': 'llama2', 'tweet': 'tweet', 'red': 'red'}",ua,cs,helsinki,llama2,,all,86.2,298,r_ua_cs_helsinki_llama2_epoch_ref_tweet_reduced_3.csv,tweet,red
90,"{'typ': 'r', 'dataset': 'ru', 'jazyk': 'cs', 'prekladac_do_aj': 'deepl', 'model': 'llama2', 'tweet': 'tweet', 'red': 'red'}",ru,cs,deepl,llama2,,all,86.1,362,r_ru_cs_deepl_llama2_epoch_ref_tweet_reduced_3.csv,tweet,red
49,"{'typ': 'r', 'dataset': 'ua', 'jazyk': 'hu', 'prekladac_do_aj': 'origin', 'model': 'llama2', 'red': 'red', 'tweet': 'no'}",ua,hu,origin,llama2,,all,85.9,107,r_ua_hu_origin_llama2_epoch_reduced_2.csv,no,red
324,"{'typ': 'r', 'dataset': 'ua', 'jazyk': 'hu', 'prekladac_do_aj': 'origin', 'model': 'mistral', 'red': 'red', 'tweet': 'no'}",ua,hu,origin,mistral,,all,85.9,107,r_ua_hu_origin_mistral_epoch_reduced_3.csv,no,red
116,"{'typ': 'r', 'dataset': 'ru', 'jazyk': 'cs', 'prekladac_do_aj': 'deepl', 'model': 'llama3', 'red': 'red', 'tweet': 'no'}",ru,cs,deepl,llama3,,all,84,362,r_ru_cs_deepl_llama3_epoch_reduced_5.csv,no,red
145,"{'typ': 'r', 'dataset': 'ru', 'jazyk': 'pl', 'prekladac_do_aj': 'origin', 'model': 'mistral', 'tweet': 'tweet', 'red': 'red'}",ru,pl,origin,mistral,,all,85.3,102,r_ru_pl_origin_mistral_epoch_ref_tweet_reduced_3.csv,tweet,red
223,"{'typ': 'r', 'dataset': 'ru', 'jazyk': 'hu', 'prekladac_do_aj': 'origin', 'model': 'mistral', 'tweet': 'tweet', 'red': 'red'}",ru,hu,origin,mistral,,all,85.3,103,r_ru_hu_origin_mistral_epoch_ref_tweet_reduced_3.csv,tweet,red
256,"{'typ': 'r', 'dataset': 'ua', 'jazyk': 'pl', 'prekladac_do_aj': 'deepl', 'model': 'mistral', 'tweet': 'tweet', 'red': 'red'}",ua,pl,deepl,mistral,,all,85.3,95,r_ua_pl_deepl_mistral_epoch_ref_tweet_reduced_5.csv,tweet,red
84,"{'typ': 'r', 'dataset': 'ru', 'jazyk': 'pl', 'prekladac_do_aj': 'origin', 'model': 'mistral', 'red': 'red', 'tweet': 'no'}",ru,pl,origin,mistral,,all,85.2,102,r_ru_pl_origin_mistral_epoch_reduced_3.csv,no,red
313,"{'typ': 'r', 'dataset': 'ua', 'jazyk': 'pl', 'prekladac_do_aj': 'origin', 'model': 'mistral', 'tweet': 'tweet', 'red': 'red'}",ua,pl,origin,mistral,,all,85.2,95,r_ua_pl_origin_mistral_epoch_ref_tweet_reduced_4.csv,tweet,red
334,"{'typ': 'r', 'dataset': 'ua', 'jazyk': 'cs', 'prekladac_do_aj': 'helsinki', 'model': 'llama2', 'red': 'red', 'tweet': 'no'}",ua,cs,helsinki,llama2,,all,85.2,298,r_ua_cs_helsinki_llama2_epoch_reduced_3.csv,no,red
336,"{'typ': 'r', 'dataset': 'ru', 'jazyk': 'cs', 'prekladac_do_aj': 'helsinki', 'model': 'llama3', 'red': 'red', 'tweet': 'no'}",ru,cs,helsinki,llama3,,all,#REF!,362,r_ru_cs_helsinki_llama3_epoch_reduced_5.csv,no,red
154,"{'typ': 'r', 'dataset': 'ru', 'jazyk': 'cs', 'prekladac_do_aj': 'deepl', 'model': 'mistral', 'tweet': 'tweet', 'red': 'red'}",ru,cs,deepl,mistral,,all,85,362,r_ru_cs_deepl_mistral_epoch_ref_tweet_reduced_3.csv,tweet,red
164,"{'typ': 'r', 'dataset': 'ru', 'jazyk': 'hu', 'prekladac_do_aj': 'helsinki', 'model': 'mistral', 'tweet': 'tweet', 'red': 'red'}",ru,hu,helsinki,mistral,,all,85,103,r_ru_hu_helsinki_mistral_epoch_ref_tweet_reduced_3.csv,tweet,red
239,"{'typ': 'r', 'dataset': 'ua', 'jazyk': 'hu', 'prekladac_do_aj': 'deepl', 'model': 'llama3', 'red': 'red', 'tweet': 'no'}",ua,hu,deepl,llama3,,all,85,107,r_ua_hu_deepl_llama3_epoch_reduced_5.csv,no,red
287,"{'typ': 'r', 'dataset': 'ua', 'jazyk': 'cs', 'prekladac_do_aj': 'deepl', 'model': 'mistral', 'tweet': 'tweet', 'red': 'red'}",ua,cs,deepl,mistral,,all,84.9,298,r_ua_cs_deepl_mistral_epoch_ref_tweet_reduced_3.csv,tweet,red
355,"{'typ': 'r', 'dataset': 'ua', 'jazyk': 'hu', 'prekladac_do_aj': 'origin', 'model': 'mistral', 'tweet': 'tweet', 'red': 'red'}",ua,hu,origin,mistral,,all,84.9,107,r_ua_hu_origin_mistral_epoch_ref_tweet_reduced_2.csv,tweet,red
113,"{'typ': 'r', 'dataset': 'ua', 'jazyk': 'cs', 'prekladac_do_aj': 'helsinki', 'model': 'mistral', 'tweet': 'tweet', 'red': 'red'}",ua,cs,helsinki,mistral,,all,84.6,298,r_ua_cs_helsinki_mistral_epoch_ref_tweet_reduced_3.csv,tweet,red
166,"{'typ': 'r', 'dataset': 'ua', 'jazyk': 'cs', 'prekladac_do_aj': 'helsinki', 'model': 'llama3', 'red': 'red', 'tweet': 'no'}",ua,cs,helsinki,llama3,,all,84.1,298,r_ua_cs_helsinki_llama3_epoch_reduced_5.csv,no,red
271,"{'typ': 'r', 'dataset': 'ua', 'jazyk': 'pl', 'prekladac_do_aj': 'helsinki', 'model': 'llama2', 'red': 'red', 'tweet': 'no'}",ua,pl,helsinki,llama2,,all,84,95,r_ua_pl_helsinki_llama2_epoch_reduced_5.csv,no,red
340,"{'typ': 'r', 'dataset': 'ua', 'jazyk': 'pl', 'prekladac_do_aj': 'origin', 'model': 'mistral', 'red': 'red', 'tweet': 'no'}",ua,pl,origin,mistral,,all,84,95,r_ua_pl_origin_mistral_epoch_reduced_5.csv,no,red
327,"{'typ': 'r', 'dataset': 'ua', 'jazyk': 'cs', 'prekladac_do_aj': 'deepl', 'model': 'mistral', 'red': 'red', 'tweet': 'no'}",ua,cs,deepl,mistral,,all,83.9,298,r_ua_cs_deepl_mistral_epoch_reduced_3.csv,no,red
248,"{'typ': 'r', 'dataset': 'ua', 'jazyk': 'cs', 'prekladac_do_aj': 'helsinki', 'model': 'mistral', 'red': 'red', 'tweet': 'no'}",ua,cs,helsinki,mistral,,all,83.9,298,r_ua_cs_helsinki_mistral_epoch_reduced_3.csv,no,red
310,"{'typ': 'r', 'dataset': 'ru', 'jazyk': 'hu', 'prekladac_do_aj': 'deepl', 'model': 'mistral', 'red': 'red', 'tweet': 'no'}",ru,hu,deepl,mistral,,all,83.9,103,r_ru_hu_deepl_mistral_epoch_reduced_3.csv,no,red
124,"{'typ': 'r', 'dataset': 'ua', 'jazyk': 'cs', 'prekladac_do_aj': 'origin', 'model': 'llama2', 'tweet': 'tweet', 'red': 'red'}",ua,cs,origin,llama2,,all,83.7,298,r_ua_cs_origin_llama2_epoch_ref_tweet_reduced_3.csv,tweet,red
142,"{'typ': 'r', 'dataset': 'ru', 'jazyk': 'pl', 'prekladac_do_aj': 'origin', 'model': 'llama2', 'tweet': 'tweet', 'red': 'red'}",ru,pl,origin,llama2,,all,83.3,102,r_ru_pl_origin_llama2_epoch_ref_tweet_reduced_3.csv,tweet,red
190,"{'typ': 'r', 'dataset': 'ua', 'jazyk': 'pl', 'prekladac_do_aj': 'origin', 'model': 'llama2', 'red': 'red', 'tweet': 'no'}",ua,pl,origin,llama2,,all,83.2,95,r_ua_pl_origin_llama2_epoch_reduced_4.csv,no,red
56,"{'typ': 'r', 'dataset': 'ru', 'jazyk': 'cs', 'prekladac_do_aj': 'origin', 'model': 'llama2', 'red': 'no', 'tweet': 'no'}",ru,cs,origin,llama2,,all,74,431,r_ru_cs_origin_llama2_epoch_3.csv,no,no
344,"{'typ': 'r', 'dataset': 'ua', 'jazyk': 'hu', 'prekladac_do_aj': 'helsinki', 'model': 'llama2', 'tweet': 'tweet', 'red': 'red'}",ua,hu,helsinki,llama2,,all,83.1,107,r_ua_hu_helsinki_llama2_epoch_ref_tweet_reduced_3.csv,tweet,red
184,"{'typ': 'r', 'dataset': 'ua', 'jazyk': 'pl', 'prekladac_do_aj': 'helsinki', 'model': 'mistral', 'red': 'red', 'tweet': 'no'}",ua,pl,helsinki,mistral,,all,82.9,95,r_ua_pl_helsinki_mistral_epoch_reduced_5.csv,no,red
69,"{'typ': 'r', 'dataset': 'ru', 'jazyk': 'hu', 'prekladac_do_aj': 'origin', 'model': 'llama2', 'red': 'red', 'tweet': 'no'}",ru,hu,origin,llama2,,all,82.7,103,r_ru_hu_origin_llama2_epoch_reduced_3.csv,no,red
307,"{'typ': 'r', 'dataset': 'ua', 'jazyk': 'pl', 'prekladac_do_aj': 'deepl', 'model': 'llama2', 'red': 'red', 'tweet': 'no'}",ua,pl,deepl,llama2,,all,82.7,95,r_ua_pl_deepl_llama2_epoch_reduced_5.csv,no,red
9,"{'typ': 'r', 'dataset': 'ru', 'jazyk': 'cs', 'prekladac_do_aj': 'origin', 'model': 'mistral', 'tweet': 'tweet', 'red': 'red'}",ru,cs,origin,mistral,,all,82.5,362,r_ru_cs_origin_mistral_epoch_ref_tweet_reduced_3.csv,tweet,red
107,"{'typ': 'r', 'dataset': 'ua', 'jazyk': 'cs', 'prekladac_do_aj': 'origin', 'model': 'llama2', 'red': 'red', 'tweet': 'no'}",ua,cs,origin,llama2,,all,82.5,298,r_ua_cs_origin_llama2_epoch_reduced_3.csv,no,red
111,"{'typ': 'r', 'dataset': 'ru', 'jazyk': 'cs', 'prekladac_do_aj': 'helsinki', 'model': 'mistral', 'red': 'red', 'tweet': 'no'}",ru,cs,helsinki,mistral,,all,82.5,362,r_ru_cs_helsinki_mistral_epoch_reduced_3.csv,no,red
278,"{'typ': 'r', 'dataset': 'ua', 'jazyk': 'cs', 'prekladac_do_aj': 'origin', 'model': 'mistral', 'tweet': 'tweet', 'red': 'red'}",ua,cs,origin,mistral,,all,82.4,298,r_ua_cs_origin_mistral_epoch_ref_tweet_reduced_3.csv,tweet,red
28,"{'typ': 'r', 'dataset': 'ua', 'jazyk': 'hu', 'prekladac_do_aj': 'helsinki', 'model': 'mistral', 'red': 'red', 'tweet': 'no'}",ua,hu,helsinki,mistral,,all,82.2,107,r_ua_hu_helsinki_mistral_epoch_reduced_3.csv,no,red
140,"{'typ': 'r', 'dataset': 'ua', 'jazyk': 'hu', 'prekladac_do_aj': 'deepl', 'model': 'llama2', 'tweet': 'tweet', 'red': 'red'}",ua,hu,deepl,llama2,,all,82.2,107,r_ua_hu_deepl_llama2_epoch_ref_tweet_reduced_3.csv,tweet,red
246,"{'typ': 'r', 'dataset': 'ua', 'jazyk': 'pl', 'prekladac_do_aj': 'origin', 'model': 'llama2', 'tweet': 'tweet', 'red': 'red'}",ua,pl,origin,llama2,,all,82.1,95,r_ua_pl_origin_llama2_epoch_ref_tweet_reduced_3.csv,tweet,red
261,"{'typ': 'r', 'dataset': 'ru', 'jazyk': 'cs', 'prekladac_do_aj': 'origin', 'model': 'llama3', 'tweet': 'tweet', 'red': 'red'}",ru,cs,origin,llama3,,all,82.1,362,r_ru_cs_origin_llama3_epoch_ref_tweet_reduced_5.csv,tweet,red
87,"{'typ': 'r', 'dataset': 'ru', 'jazyk': 'hu', 'prekladac_do_aj': 'deepl', 'model': 'llama3', 'red': 'red', 'tweet': 'no'}",ru,hu,deepl,llama3,,all,81.9,103,r_ru_hu_deepl_llama3_epoch_reduced_5.csv,no,red
220,"{'typ': 'r', 'dataset': 'ua', 'jazyk': 'pl', 'prekladac_do_aj': 'helsinki', 'model': 'mistral', 'tweet': 'tweet', 'red': 'red'}",ua,pl,helsinki,mistral,,all,81.9,95,r_ua_pl_helsinki_mistral_epoch_ref_tweet_reduced_5.csv,tweet,red
294,"{'typ': 'r', 'dataset': 'ru', 'jazyk': 'cs', 'prekladac_do_aj': 'origin', 'model': 'llama2', 'tweet': 'tweet', 'red': 'red'}",ru,cs,origin,llama2,,all,81.9,362,r_ru_cs_origin_llama2_epoch_ref_tweet_reduced_3.csv,tweet,red
237,"{'typ': 'r', 'dataset': 'ua', 'jazyk': 'cs', 'prekladac_do_aj': 'origin', 'model': 'mistral', 'red': 'red', 'tweet': 'no'}",ua,cs,origin,mistral,,all,81.8,298,r_ua_cs_origin_mistral_epoch_reduced_3.csv,no,red
23,"{'typ': 'r', 'dataset': 'ua', 'jazyk': 'cs', 'prekladac_do_aj': 'deepl', 'model': 'llama3', 'red': 'red', 'tweet': 'no'}",ua,cs,deepl,llama3,,all,81.4,298,r_ua_cs_deepl_llama3_epoch_reduced_5.csv,no,red
123,"{'typ': 'r', 'dataset': 'ua', 'jazyk': 'cs', 'prekladac_do_aj': 'deepl', 'model': 'llama3', 'tweet': 'tweet', 'red': 'red'}",ua,cs,deepl,llama3,,all,81.2,298,r_ua_cs_deepl_llama3_epoch_ref_tweet_reduced_5.csv,tweet,red
168,"{'typ': 'r', 'dataset': 'ua', 'jazyk': 'cs', 'prekladac_do_aj': 'origin', 'model': 'llama3', 'tweet': 'tweet', 'red': 'red'}",ua,cs,origin,llama3,,all,81,298,r_ua_cs_origin_llama3_epoch_ref_tweet_reduced_5.csv,tweet,red
275,"{'typ': 'r', 'dataset': 'ua', 'jazyk': 'hu', 'prekladac_do_aj': 'origin', 'model': 'llama2', 'tweet': 'tweet', 'red': 'red'}",ua,hu,origin,llama2,,all,81,107,r_ua_hu_origin_llama2_epoch_ref_tweet_reduced_1.csv,tweet,red
53,"{'typ': 'r', 'dataset': 'ru', 'jazyk': 'cs', 'prekladac_do_aj': 'helsinki', 'model': 'llama2', 'red': 'red', 'tweet': 'no'}",ru,cs,helsinki,llama2,,all,#REF!,362,r_ru_cs_helsinki_llama2_epoch_reduced_3.csv,no,red
134,"{'typ': 'r', 'dataset': 'ua', 'jazyk': 'cs', 'prekladac_do_aj': 'helsinki', 'model': 'llama3', 'tweet': 'tweet', 'red': 'red'}",ua,cs,helsinki,llama3,,all,80.8,298,r_ua_cs_helsinki_llama3_epoch_ref_tweet_reduced_5.csv,tweet,red
11,"{'typ': 'r', 'dataset': 'ru', 'jazyk': 'hu', 'prekladac_do_aj': 'origin', 'model': 'llama3', 'tweet': 'tweet', 'red': 'red'}",ru,hu,origin,llama3,,all,80.3,103,r_ru_hu_origin_llama3_epoch_ref_tweet_reduced_5.csv,tweet,red
94,"{'typ': 'r', 'dataset': 'ua', 'jazyk': 'cs', 'prekladac_do_aj': 'origin', 'model': 'llama3', 'red': 'red', 'tweet': 'no'}",ua,cs,origin,llama3,,all,80,298,r_ua_cs_origin_llama3_epoch_reduced_5.csv,no,red
351,"{'typ': 'r', 'dataset': 'ru', 'jazyk': 'cs', 'prekladac_do_aj': 'deepl', 'model': 'llama2', 'red': 'red', 'tweet': 'no'}",ru,cs,deepl,llama2,,all,84.6,362,r_ru_cs_deepl_llama2_epoch_reduced_3.csv,no,red
19,"{'typ': 'r', 'dataset': 'ru', 'jazyk': 'cs', 'prekladac_do_aj': 'helsinki', 'model': 'llama2', 'tweet': 'tweet', 'red': 'red'}",ru,cs,helsinki,llama2,,all,79.8,362,r_ru_cs_helsinki_llama2_epoch_ref_tweet_reduced_3.csv,tweet,red
171,"{'typ': 'r', 'dataset': 'ua', 'jazyk': 'pl', 'prekladac_do_aj': 'deepl', 'model': 'llama3', 'tweet': 'tweet', 'red': 'red'}",ua,pl,deepl,llama3,,all,79.6,95,r_ua_pl_deepl_llama3_epoch_ref_tweet_reduced_5.csv,tweet,red
186,"{'typ': 'r', 'dataset': 'ru', 'jazyk': 'pl', 'prekladac_do_aj': 'helsinki', 'model': 'mistral', 'tweet': 'tweet', 'red': 'red'}",ru,pl,helsinki,mistral,,all,79.4,102,r_ru_pl_helsinki_mistral_epoch_ref_tweet_reduced_3.csv,tweet,red
342,"{'typ': 'r', 'dataset': 'ru', 'jazyk': 'cs', 'prekladac_do_aj': 'helsinki', 'model': 'mistral', 'tweet': 'tweet', 'red': 'red'}",ru,cs,helsinki,mistral,,all,79.3,362,r_ru_cs_helsinki_mistral_epoch_ref_tweet_reduced_3.csv,tweet,red
98,"{'typ': 'r', 'dataset': 'ua', 'jazyk': 'hu', 'prekladac_do_aj': 'helsinki', 'model': 'llama3', 'red': 'red', 'tweet': 'no'}",ua,hu,helsinki,llama3,,all,78.3,107,r_ua_hu_helsinki_llama3_epoch_reduced_5.csv,no,red
305,"{'typ': 'r', 'dataset': 'ua', 'jazyk': 'hu', 'prekladac_do_aj': 'helsinki', 'model': 'llama2', 'red': 'red', 'tweet': 'no'}",ua,hu,helsinki,llama2,,all,77.5,107,r_ua_hu_helsinki_llama2_epoch_reduced_3.csv,no,red
102,"{'typ': 'r', 'dataset': 'ru', 'jazyk': 'hu', 'prekladac_do_aj': 'helsinki', 'model': 'llama3', 'red': 'red', 'tweet': 'no'}",ru,hu,helsinki,llama3,,all,77.4,103,r_ru_hu_helsinki_llama3_epoch_reduced_5.csv,no,red
202,"{'typ': 'r', 'dataset': 'ua', 'jazyk': 'hu', 'prekladac_do_aj': 'origin', 'model': 'llama3', 'red': 'red', 'tweet': 'no'}",ua,hu,origin,llama3,,all,77.4,107,r_ua_hu_origin_llama3_epoch_reduced_5.csv,no,red
352,"{'typ': 'r', 'dataset': 'ru', 'jazyk': 'hu', 'prekladac_do_aj': 'origin', 'model': 'llama3', 'red': 'red', 'tweet': 'no'}",ru,hu,origin,llama3,,all,77.4,103,r_ru_hu_origin_llama3_epoch_reduced_5.csv,no,red
360,"{'typ': 'r', 'dataset': 'ru', 'jazyk': 'pl', 'prekladac_do_aj': 'helsinki', 'model': 'mistral', 'red': 'red', 'tweet': 'no'}",ru,pl,helsinki,mistral,,all,77.4,102,r_ru_pl_helsinki_mistral_epoch_reduced_3.csv,no,red
227,"{'typ': 'r', 'dataset': 'ru', 'jazyk': 'hu', 'prekladac_do_aj': 'origin', 'model': 'llama2', 'tweet': 'tweet', 'red': 'red'}",ru,hu,origin,llama2,,all,77.1,103,r_ru_hu_origin_llama2_epoch_ref_tweet_reduced_3.csv,tweet,red
3,"{'typ': 'r', 'dataset': 'ua', 'jazyk': 'pl', 'prekladac_do_aj': 'origin', 'model': 'llama3', 'tweet': 'tweet', 'red': 'red'}",ua,pl,origin,llama3,,all,76.9,95,r_ua_pl_origin_llama3_epoch_ref_tweet_reduced_5.csv,tweet,red
221,"{'typ': 'r', 'dataset': 'ua', 'jazyk': 'cs', 'prekladac_do_aj': 'deepl', 'model': 'llama2', 'red': 'no', 'tweet': 'no'}",ua,cs,deepl,llama2,,all,76.9,410,r_ua_cs_deepl_llama2_epoch_3.csv,no,no
115,"{'typ': 'r', 'dataset': 'ru', 'jazyk': 'hu', 'prekladac_do_aj': 'deepl', 'model': 'bert', 'red': 'red', 'tweet': 'no'}",ru,hu,deepl,bert,,all,71.7,103,r_ru_hu_deepl_bert_epoch_reduced_4.csv,no,red
263,"{'typ': 'r', 'dataset': 'ua', 'jazyk': 'hu', 'prekladac_do_aj': 'helsinki', 'model': 'bert', 'red': 'red', 'tweet': 'no'}",ua,hu,helsinki,bert,,all,76.6,107,r_ua_hu_helsinki_bert_epoch_reduced_4.csv,no,red
54,"{'typ': 'r', 'dataset': 'ua', 'jazyk': 'cs', 'prekladac_do_aj': 'deepl', 'model': 'mistral', 'red': 'no', 'tweet': 'no'}",ua,cs,deepl,mistral,,all,72.3,410,r_ua_cs_deepl_mistral_epoch_3.csv,no,no
297,"{'typ': 'r', 'dataset': 'ru', 'jazyk': 'hu', 'prekladac_do_aj': 'origin', 'model': 'bert', 'red': 'red', 'tweet': 'no'}",ru,hu,origin,bert,,all,76,103,r_ru_hu_origin_bert_epoch_reduced_4.csv,no,red
320,"{'typ': 'r', 'dataset': 'ru', 'jazyk': 'cs', 'prekladac_do_aj': 'deepl', 'model': 'mistral', 'red': 'no', 'tweet': 'no'}",ru,cs,deepl,mistral,,all,79.4,431,r_ru_cs_deepl_mistral_epoch_3.csv,no,no
325,"{'typ': 'r', 'dataset': 'ua', 'jazyk': 'pl', 'prekladac_do_aj': 'deepl', 'model': 'llama3', 'red': 'red', 'tweet': 'no'}",ua,pl,deepl,llama3,,all,75.8,95,r_ua_pl_deepl_llama3_epoch_reduced_5.csv,no,red
15,"{'typ': 'r', 'dataset': 'ru', 'jazyk': 'cs', 'prekladac_do_aj': 'deepl', 'model': 'llama2', 'tweet': 'tweet', 'red': 'no'}",ru,cs,deepl,llama2,,all,75.2,431,r_ru_cs_deepl_llama2_epoch_ref_tweet_3.csv,tweet,no
2,"{'typ': 'r', 'dataset': 'ua', 'jazyk': 'pl', 'prekladac_do_aj': 'origin', 'model': 'llama3', 'red': 'red', 'tweet': 'no'}",ua,pl,origin,llama3,,all,75.1,95,r_ua_pl_origin_llama3_epoch_reduced_5.csv,no,red
44,"{'typ': 'r', 'dataset': 'ru', 'jazyk': 'cs', 'prekladac_do_aj': 'deepl', 'model': 'mistral', 'tweet': 'tweet', 'red': 'no'}",ru,cs,deepl,mistral,,all,74.8,431,r_ru_cs_deepl_mistral_epoch_ref_tweet_3.csv,tweet,no
240,"{'typ': 'r', 'dataset': 'ua', 'jazyk': 'hu', 'prekladac_do_aj': 'helsinki', 'model': 'llama3', 'tweet': 'tweet', 'red': 'red'}",ua,hu,helsinki,llama3,,all,74.8,107,r_ua_hu_helsinki_llama3_epoch_ref_tweet_reduced_5.csv,tweet,red
46,"{'typ': 'r', 'dataset': 'ua', 'jazyk': 'hu', 'prekladac_do_aj': 'origin', 'model': 'llama3', 'tweet': 'tweet', 'red': 'red'}",ua,hu,origin,llama3,,all,74.7,107,r_ua_hu_origin_llama3_epoch_ref_tweet_reduced_5.csv,tweet,red
96,"{'typ': 'r', 'dataset': 'ru', 'jazyk': 'hu', 'prekladac_do_aj': 'deepl', 'model': 'llama3', 'tweet': 'tweet', 'red': 'red'}",ru,hu,deepl,llama3,,all,74.6,103,r_ru_hu_deepl_llama3_epoch_ref_tweet_reduced_5.csv,tweet,red
194,"{'typ': 'r', 'dataset': 'ru', 'jazyk': 'cs', 'prekladac_do_aj': 'deepl', 'model': 'llama2', 'red': 'no', 'tweet': 'no'}",ru,cs,deepl,llama2,,all,79.2,431,r_ru_cs_deepl_llama2_epoch_3.csv,no,no
29,"{'typ': 'r', 'dataset': 'ru', 'jazyk': 'pl', 'prekladac_do_aj': 'helsinki', 'model': 'llama3', 'tweet': 'tweet', 'red': 'red'}",ru,pl,helsinki,llama3,,all,74.5,102,r_ru_pl_helsinki_llama3_epoch_ref_tweet_reduced_5.csv,tweet,red
311,"{'typ': 'r', 'dataset': 'ua', 'jazyk': 'hu', 'prekladac_do_aj': 'deepl', 'model': 'llama3', 'tweet': 'tweet', 'red': 'red'}",ua,hu,deepl,llama3,,all,74.5,107,r_ua_hu_deepl_llama3_epoch_ref_tweet_reduced_5.csv,tweet,red
203,"{'typ': 'r', 'dataset': 'ru', 'jazyk': 'cs', 'prekladac_do_aj': 'helsinki', 'model': 'llama3', 'tweet': 'tweet', 'red': 'red'}",ru,cs,helsinki,llama3,,all,74.4,362,r_ru_cs_helsinki_llama3_epoch_ref_tweet_reduced_5.csv,tweet,red
341,"{'typ': 'r', 'dataset': 'ru', 'jazyk': 'hu', 'prekladac_do_aj': 'deepl', 'model': 'llama3', 'tweet': 'tweet', 'red': 'no'}",ru,hu,deepl,llama3,,all,74.3,139,r_ru_hu_deepl_llama3_epoch_ref_tweet_5.csv,tweet,no
158,"{'typ': 'r', 'dataset': 'ua', 'jazyk': 'cs', 'prekladac_do_aj': 'deepl', 'model': 'bertweet', 'tweet': 'tweet', 'red': 'red'}",ua,cs,deepl,bertweet,,all,73.8,298,r_ua_cs_deepl_bertweet_epoch_ref_tweet_reduced_2.csv,tweet,red
196,"{'typ': 'r', 'dataset': 'ru', 'jazyk': 'hu', 'prekladac_do_aj': 'origin', 'model': 'bert', 'tweet': 'tweet', 'red': 'red'}",ru,hu,origin,bert,,all,73.7,103,r_ru_hu_origin_bert_epoch_ref_tweet_reduced_4.csv,tweet,red
214,"{'typ': 'r', 'dataset': 'ru', 'jazyk': 'hu', 'prekladac_do_aj': 'helsinki', 'model': 'llama2', 'tweet': 'tweet', 'red': 'no'}",ru,hu,helsinki,llama2,,all,73.7,139,r_ru_hu_helsinki_llama2_epoch_ref_tweet_3.csv,tweet,no
293,"{'typ': 'r', 'dataset': 'ua', 'jazyk': 'hu', 'prekladac_do_aj': 'helsinki', 'model': 'llama2', 'tweet': 'tweet', 'red': 'no'}",ua,hu,helsinki,llama2,,all,73.6,157,r_ua_hu_helsinki_llama2_epoch_ref_tweet_3.csv,tweet,no
48,"{'typ': 'r', 'dataset': 'ru', 'jazyk': 'cs', 'prekladac_do_aj': 'origin', 'model': 'llama3', 'red': 'red', 'tweet': 'no'}",ru,cs,origin,llama3,,all,74.9,362,r_ru_cs_origin_llama3_epoch_reduced_5.csv,no,red
10,"{'typ': 'r', 'dataset': 'ua', 'jazyk': 'hu', 'prekladac_do_aj': 'deepl', 'model': 'mistral', 'red': 'no', 'tweet': 'no'}",ua,hu,deepl,mistral,,all,73.4,157,r_ua_hu_deepl_mistral_epoch_3.csv,no,no
356,"{'typ': 'r', 'dataset': 'ua', 'jazyk': 'cs', 'prekladac_do_aj': 'helsinki', 'model': 'llama2', 'red': 'no', 'tweet': 'no'}",ua,cs,helsinki,llama2,,all,73.3,410,r_ua_cs_helsinki_llama2_epoch_3.csv,no,no
66,"{'typ': 'r', 'dataset': 'ua', 'jazyk': 'cs', 'prekladac_do_aj': 'deepl', 'model': 'llama2', 'tweet': 'tweet', 'red': 'no'}",ua,cs,deepl,llama2,,all,73.2,410,r_ua_cs_deepl_llama2_epoch_ref_tweet_3.csv,tweet,no
31,"{'typ': 'r', 'dataset': 'ru', 'jazyk': 'hu', 'prekladac_do_aj': 'deepl', 'model': 'llama2', 'tweet': 'tweet', 'red': 'no'}",ru,hu,deepl,llama2,,all,73.1,139,r_ru_hu_deepl_llama2_epoch_ref_tweet_3.csv,tweet,no
262,"{'typ': 'r', 'dataset': 'ua', 'jazyk': 'cs', 'prekladac_do_aj': 'helsinki', 'model': 'mistral', 'tweet': 'tweet', 'red': 'no'}",ua,cs,helsinki,mistral,,all,73.1,410,r_ua_cs_helsinki_mistral_epoch_ref_tweet_3.csv,tweet,no
22,"{'typ': 'r', 'dataset': 'ru', 'jazyk': 'hu', 'prekladac_do_aj': 'helsinki', 'model': 'bert', 'red': 'red', 'tweet': 'no'}",ru,hu,helsinki,bert,,all,72.8,103,r_ru_hu_helsinki_bert_epoch_reduced_4.csv,no,red
129,"{'typ': 'r', 'dataset': 'ru', 'jazyk': 'cs', 'prekladac_do_aj': 'helsinki', 'model': 'mistral', 'red': 'no', 'tweet': 'no'}",ru,cs,helsinki,mistral,,all,#REF!,431,r_ru_cs_helsinki_mistral_epoch_3.csv,no,no
139,"{'typ': 'r', 'dataset': 'ua', 'jazyk': 'cs', 'prekladac_do_aj': 'deepl', 'model': 'llama3', 'red': 'no', 'tweet': 'no'}",ua,cs,deepl,llama3,,all,72.2,410,r_ua_cs_deepl_llama3_epoch_5.csv,no,no
259,"{'typ': 'r', 'dataset': 'ua', 'jazyk': 'cs', 'prekladac_do_aj': 'helsinki', 'model': 'mistral', 'red': 'no', 'tweet': 'no'}",ua,cs,helsinki,mistral,,all,72.6,410,r_ua_cs_helsinki_mistral_epoch_3.csv,no,no
359,"{'typ': 'r', 'dataset': 'ru', 'jazyk': 'hu', 'prekladac_do_aj': 'origin', 'model': 'mistral', 'tweet': 'tweet', 'red': 'no'}",ru,hu,origin,mistral,,all,72.6,139,r_ru_hu_origin_mistral_epoch_ref_tweet_3.csv,tweet,no
30,"{'typ': 'r', 'dataset': 'ua', 'jazyk': 'pl', 'prekladac_do_aj': 'deepl', 'model': 'mistral', 'tweet': 'tweet', 'red': 'no'}",ua,pl,deepl,mistral,,all,72.5,160,r_ua_pl_deepl_mistral_epoch_ref_tweet_5.csv,tweet,no
97,"{'typ': 'r', 'dataset': 'ru', 'jazyk': 'cs', 'prekladac_do_aj': 'deepl', 'model': 'bert', 'red': 'red', 'tweet': 'no'}",ru,cs,deepl,bert,,all,56.1,362,r_ru_cs_deepl_bert_epoch_reduced_2.csv,no,red
80,"{'typ': 'r', 'dataset': 'ua', 'jazyk': 'cs', 'prekladac_do_aj': 'helsinki', 'model': 'llama3', 'red': 'no', 'tweet': 'no'}",ua,cs,helsinki,llama3,,all,72.4,410,r_ua_cs_helsinki_llama3_epoch_5.csv,no,no
282,"{'typ': 'r', 'dataset': 'ru', 'jazyk': 'cs', 'prekladac_do_aj': 'deepl', 'model': 'bertweet', 'tweet': 'tweet', 'red': 'red'}",ru,cs,deepl,bertweet,,all,72.3,362,r_ru_cs_deepl_bertweet_epoch_ref_tweet_reduced_2.csv,tweet,red
185,"{'typ': 'r', 'dataset': 'ru', 'jazyk': 'cs', 'prekladac_do_aj': 'deepl', 'model': 'llama3', 'red': 'no', 'tweet': 'no'}",ru,cs,deepl,llama3,,all,77.1,431,r_ru_cs_deepl_llama3_epoch_5.csv,no,no
5,"{'typ': 'r', 'dataset': 'ua', 'jazyk': 'hu', 'prekladac_do_aj': 'deepl', 'model': 'llama3', 'red': 'no', 'tweet': 'no'}",ua,hu,deepl,llama3,,all,58.9,157,r_ua_hu_deepl_llama3_epoch_5.csv,no,no
41,"{'typ': 'r', 'dataset': 'ua', 'jazyk': 'pl', 'prekladac_do_aj': 'helsinki', 'model': 'mistral', 'red': 'no', 'tweet': 'no'}",ua,pl,helsinki,mistral,,all,72.1,160,r_ua_pl_helsinki_mistral_epoch_5.csv,no,no
45,"{'typ': 'r', 'dataset': 'ru', 'jazyk': 'cs', 'prekladac_do_aj': 'helsinki', 'model': 'bertweet', 'red': 'red', 'tweet': 'no'}",ru,cs,helsinki,bertweet,,all,#REF!,362,r_ru_cs_helsinki_bertweet_epoch_reduced_2.csv,no,red
70,"{'typ': 'r', 'dataset': 'ua', 'jazyk': 'cs', 'prekladac_do_aj': 'deepl', 'model': 'mistral', 'tweet': 'tweet', 'red': 'no'}",ua,cs,deepl,mistral,,all,72.1,410,r_ua_cs_deepl_mistral_epoch_ref_tweet_3.csv,tweet,no
106,"{'typ': 'r', 'dataset': 'ru', 'jazyk': 'cs', 'prekladac_do_aj': 'origin', 'model': 'mistral', 'red': 'red', 'tweet': 'no'}",ru,cs,origin,mistral,,all,81,362,r_ru_cs_origin_mistral_epoch_reduced_3.csv,no,red
148,"{'typ': 'r', 'dataset': 'ua', 'jazyk': 'pl', 'prekladac_do_aj': 'helsinki', 'model': 'bert', 'red': 'red', 'tweet': 'no'}",ua,pl,helsinki,bert,,all,71.9,95,r_ua_pl_helsinki_bert_epoch_reduced_5.csv,no,red
347,"{'typ': 'r', 'dataset': 'ru', 'jazyk': 'hu', 'prekladac_do_aj': 'helsinki', 'model': 'bertweet', 'red': 'red', 'tweet': 'no'}",ru,hu,helsinki,bertweet,,all,71.9,103,r_ru_hu_helsinki_bertweet_epoch_reduced_3.csv,no,red
6,"{'typ': 'r', 'dataset': 'ua', 'jazyk': 'pl', 'prekladac_do_aj': 'helsinki', 'model': 'llama2', 'red': 'no', 'tweet': 'no'}",ua,pl,helsinki,llama2,,all,71.8,160,r_ua_pl_helsinki_llama2_epoch_5.csv,no,no
308,"{'typ': 'r', 'dataset': 'ru', 'jazyk': 'cs', 'prekladac_do_aj': 'origin', 'model': 'mistral', 'red': 'no', 'tweet': 'no'}",ru,cs,origin,mistral,,all,75.9,431,r_ru_cs_origin_mistral_epoch_3.csv,no,no
281,"{'typ': 'r', 'dataset': 'ru', 'jazyk': 'pl', 'prekladac_do_aj': 'deepl', 'model': 'bert', 'red': 'red', 'tweet': 'no'}",ru,pl,deepl,bert,,all,65.4,102,r_ru_pl_deepl_bert_epoch_reduced_2.csv,no,red
209,"{'typ': 'r', 'dataset': 'ru', 'jazyk': 'cs', 'prekladac_do_aj': 'origin', 'model': 'llama2', 'tweet': 'tweet', 'red': 'no'}",ru,cs,origin,llama2,,all,71.6,431,r_ru_cs_origin_llama2_epoch_ref_tweet_3.csv,tweet,no
343,"{'typ': 'r', 'dataset': 'ru', 'jazyk': 'hu', 'prekladac_do_aj': 'helsinki', 'model': 'mistral', 'red': 'no', 'tweet': 'no'}",ru,hu,helsinki,mistral,,all,71.6,139,r_ru_hu_helsinki_mistral_epoch_3.csv,no,no
112,"{'typ': 'r', 'dataset': 'ua', 'jazyk': 'cs', 'prekladac_do_aj': 'helsinki', 'model': 'llama2', 'tweet': 'tweet', 'red': 'no'}",ua,cs,helsinki,llama2,,all,71.5,410,r_ua_cs_helsinki_llama2_epoch_ref_tweet_3.csv,tweet,no
99,"{'typ': 'r', 'dataset': 'ru', 'jazyk': 'hu', 'prekladac_do_aj': 'origin', 'model': 'mistral', 'red': 'no', 'tweet': 'no'}",ru,hu,origin,mistral,,all,71.3,139,r_ru_hu_origin_mistral_epoch_3.csv,no,no
1,"{'typ': 'r', 'dataset': 'ua', 'jazyk': 'cs', 'prekladac_do_aj': 'deepl', 'model': 'llama3', 'tweet': 'tweet', 'red': 'no'}",ua,cs,deepl,llama3,,all,71.2,410,r_ua_cs_deepl_llama3_epoch_ref_tweet_5.csv,tweet,no
225,"{'typ': 'r', 'dataset': 'ua', 'jazyk': 'cs', 'prekladac_do_aj': 'origin', 'model': 'mistral', 'tweet': 'tweet', 'red': 'no'}",ua,cs,origin,mistral,,all,71.2,410,r_ua_cs_origin_mistral_epoch_ref_tweet_3.csv,tweet,no
330,"{'typ': 'r', 'dataset': 'ua', 'jazyk': 'cs', 'prekladac_do_aj': 'origin', 'model': 'llama2', 'red': 'no', 'tweet': 'no'}",ua,cs,origin,llama2,,all,71.2,410,r_ua_cs_origin_llama2_epoch_3.csv,no,no
211,"{'typ': 'r', 'dataset': 'ru', 'jazyk': 'cs', 'prekladac_do_aj': 'deepl', 'model': 'bert', 'red': 'no', 'tweet': 'no'}",ru,cs,deepl,bert,,all,60.8,431,r_ru_cs_deepl_bert_epoch_2.csv,no,no
14,"{'typ': 'r', 'dataset': 'ua', 'jazyk': 'hu', 'prekladac_do_aj': 'deepl', 'model': 'llama2', 'tweet': 'tweet', 'red': 'no'}",ua,hu,deepl,llama2,,all,71,157,r_ua_hu_deepl_llama2_epoch_ref_tweet_3.csv,tweet,no
272,"{'typ': 'r', 'dataset': 'ua', 'jazyk': 'hu', 'prekladac_do_aj': 'deepl', 'model': 'mistral', 'tweet': 'tweet', 'red': 'no'}",ua,hu,deepl,mistral,,all,70.9,157,r_ua_hu_deepl_mistral_epoch_ref_tweet_3.csv,tweet,no
81,"{'typ': 'r', 'dataset': 'ua', 'jazyk': 'cs', 'prekladac_do_aj': 'origin', 'model': 'llama2', 'tweet': 'tweet', 'red': 'no'}",ua,cs,origin,llama2,,all,70.8,410,r_ua_cs_origin_llama2_epoch_ref_tweet_3.csv,tweet,no
224,"{'typ': 'r', 'dataset': 'ua', 'jazyk': 'hu', 'prekladac_do_aj': 'helsinki', 'model': 'mistral', 'tweet': 'tweet', 'red': 'no'}",ua,hu,helsinki,mistral,,all,70.8,157,r_ua_hu_helsinki_mistral_epoch_ref_tweet_3.csv,tweet,no
291,"{'typ': 'r', 'dataset': 'ua', 'jazyk': 'cs', 'prekladac_do_aj': 'origin', 'model': 'mistral', 'red': 'no', 'tweet': 'no'}",ua,cs,origin,mistral,,all,70.7,410,r_ua_cs_origin_mistral_epoch_3.csv,no,no
182,"{'typ': 'r', 'dataset': 'ru', 'jazyk': 'cs', 'prekladac_do_aj': 'helsinki', 'model': 'llama2', 'tweet': 'tweet', 'red': 'no'}",ru,cs,helsinki,llama2,,all,70.5,431,r_ru_cs_helsinki_llama2_epoch_ref_tweet_3.csv,tweet,no
234,"{'typ': 'r', 'dataset': 'ru', 'jazyk': 'hu', 'prekladac_do_aj': 'deepl', 'model': 'bert', 'red': 'no', 'tweet': 'no'}",ru,hu,deepl,bert,,all,60.2,139,r_ru_hu_deepl_bert_epoch_4.csv,no,no
253,"{'typ': 'r', 'dataset': 'ru', 'jazyk': 'hu', 'prekladac_do_aj': 'helsinki', 'model': 'mistral', 'tweet': 'tweet', 'red': 'no'}",ru,hu,helsinki,mistral,,all,70.4,139,r_ru_hu_helsinki_mistral_epoch_ref_tweet_3.csv,tweet,no
301,"{'typ': 'r', 'dataset': 'ru', 'jazyk': 'pl', 'prekladac_do_aj': 'helsinki', 'model': 'llama2', 'tweet': 'tweet', 'red': 'no'}",ru,pl,helsinki,llama2,,all,70.4,143,r_ru_pl_helsinki_llama2_epoch_ref_tweet_3.csv,tweet,no
138,"{'typ': 'r', 'dataset': 'ru', 'jazyk': 'cs', 'prekladac_do_aj': 'deepl', 'model': 'bertweet', 'red': 'no', 'tweet': 'no'}",ru,cs,deepl,bertweet,,all,54.1,431,r_ru_cs_deepl_bertweet_epoch_2.csv,no,no
89,"{'typ': 'r', 'dataset': 'ua', 'jazyk': 'pl', 'prekladac_do_aj': 'deepl', 'model': 'llama2', 'tweet': 'tweet', 'red': 'no'}",ua,pl,deepl,llama2,,all,70.3,160,r_ua_pl_deepl_llama2_epoch_ref_tweet_5.csv,tweet,no
26,"{'typ': 'r', 'dataset': 'ua', 'jazyk': 'pl', 'prekladac_do_aj': 'helsinki', 'model': 'llama2', 'tweet': 'tweet', 'red': 'no'}",ua,pl,helsinki,llama2,,all,70.2,160,r_ua_pl_helsinki_llama2_epoch_ref_tweet_5.csv,tweet,no
200,"{'typ': 'r', 'dataset': 'ua', 'jazyk': 'hu', 'prekladac_do_aj': 'helsinki', 'model': 'llama2', 'red': 'no', 'tweet': 'no'}",ua,hu,helsinki,llama2,,all,70.2,157,r_ua_hu_helsinki_llama2_epoch_3.csv,no,no
43,"{'typ': 'r', 'dataset': 'ru', 'jazyk': 'hu', 'prekladac_do_aj': 'helsinki', 'model': 'llama3', 'tweet': 'tweet', 'red': 'red'}",ru,hu,helsinki,llama3,,all,70.1,103,r_ru_hu_helsinki_llama3_epoch_ref_tweet_reduced_5.csv,tweet,red
42,"{'typ': 'r', 'dataset': 'ru', 'jazyk': 'cs', 'prekladac_do_aj': 'helsinki', 'model': 'llama2', 'red': 'no', 'tweet': 'no'}",ru,cs,helsinki,llama2,,all,#REF!,431,r_ru_cs_helsinki_llama2_epoch_3.csv,no,no
36,"{'typ': 'r', 'dataset': 'ru', 'jazyk': 'pl', 'prekladac_do_aj': 'deepl', 'model': 'bert', 'red': 'no', 'tweet': 'no'}",ru,pl,deepl,bert,,all,49.7,143,r_ru_pl_deepl_bert_epoch_2.csv,no,no
302,"{'typ': 'r', 'dataset': 'ua', 'jazyk': 'hu', 'prekladac_do_aj': 'helsinki', 'model': 'mistral', 'red': 'no', 'tweet': 'no'}",ua,hu,helsinki,mistral,,all,69.9,157,r_ua_hu_helsinki_mistral_epoch_3.csv,no,no
316,"{'typ': 'r', 'dataset': 'ua', 'jazyk': 'hu', 'prekladac_do_aj': 'origin', 'model': 'llama2', 'red': 'no', 'tweet': 'no'}",ua,hu,origin,llama2,,all,69.8,157,r_ua_hu_origin_llama2_epoch_2.csv,no,no
35,"{'typ': 'r', 'dataset': 'ru', 'jazyk': 'cs', 'prekladac_do_aj': 'origin', 'model': 'bertweet', 'red': 'red', 'tweet': 'no'}",ru,cs,origin,bertweet,,all,47.7,362,r_ru_cs_origin_bertweet_epoch_reduced_2.csv,no,red
175,"{'typ': 'r', 'dataset': 'ru', 'jazyk': 'cs', 'prekladac_do_aj': 'origin', 'model': 'mistral', 'tweet': 'tweet', 'red': 'no'}",ru,cs,origin,mistral,,all,69.6,431,r_ru_cs_origin_mistral_epoch_ref_tweet_3.csv,tweet,no
222,"{'typ': 'r', 'dataset': 'ru', 'jazyk': 'pl', 'prekladac_do_aj': 'deepl', 'model': 'llama3', 'red': 'red', 'tweet': 'no'}",ru,pl,deepl,llama3,,all,69.6,102,r_ru_pl_deepl_llama3_epoch_reduced_5.csv,no,red
101,"{'typ': 'r', 'dataset': 'ua', 'jazyk': 'cs', 'prekladac_do_aj': 'helsinki', 'model': 'bert', 'red': 'red', 'tweet': 'no'}",ua,cs,helsinki,bert,,all,69.5,298,r_ua_cs_helsinki_bert_epoch_reduced_3.csv,no,red
273,"{'typ': 'r', 'dataset': 'ru', 'jazyk': 'pl', 'prekladac_do_aj': 'helsinki', 'model': 'llama3', 'red': 'red', 'tweet': 'no'}",ru,pl,helsinki,llama3,,all,69.5,102,r_ru_pl_helsinki_llama3_epoch_reduced_5.csv,no,red
37,"{'typ': 'r', 'dataset': 'ru', 'jazyk': 'hu', 'prekladac_do_aj': 'helsinki', 'model': 'bert', 'tweet': 'tweet', 'red': 'red'}",ru,hu,helsinki,bert,,all,69.3,103,r_ru_hu_helsinki_bert_epoch_ref_tweet_reduced_4.csv,tweet,red
333,"{'typ': 'r', 'dataset': 'ru', 'jazyk': 'hu', 'prekladac_do_aj': 'helsinki', 'model': 'llama2', 'red': 'no', 'tweet': 'no'}",ru,hu,helsinki,llama2,,all,69.3,139,r_ru_hu_helsinki_llama2_epoch_3.csv,no,no
349,"{'typ': 'r', 'dataset': 'ua', 'jazyk': 'pl', 'prekladac_do_aj': 'origin', 'model': 'llama2', 'tweet': 'tweet', 'red': 'no'}",ua,pl,origin,llama2,,all,69.3,160,r_ua_pl_origin_llama2_epoch_ref_tweet_4.csv,tweet,no
309,"{'typ': 'r', 'dataset': 'ru', 'jazyk': 'cs', 'prekladac_do_aj': 'helsinki', 'model': 'mistral', 'tweet': 'tweet', 'red': 'no'}",ru,cs,helsinki,mistral,,all,69.2,431,r_ru_cs_helsinki_mistral_epoch_ref_tweet_3.csv,tweet,no
267,"{'typ': 'r', 'dataset': 'ru', 'jazyk': 'pl', 'prekladac_do_aj': 'helsinki', 'model': 'llama3', 'tweet': 'tweet', 'red': 'no'}",ru,pl,helsinki,llama3,,all,69,143,r_ru_pl_helsinki_llama3_epoch_ref_tweet_5.csv,tweet,no
312,"{'typ': 'r', 'dataset': 'ru', 'jazyk': 'cs', 'prekladac_do_aj': 'helsinki', 'model': 'llama3', 'red': 'no', 'tweet': 'no'}",ru,cs,helsinki,llama3,,all,#REF!,431,r_ru_cs_helsinki_llama3_epoch_5.csv,no,no
104,"{'typ': 'r', 'dataset': 'ru', 'jazyk': 'hu', 'prekladac_do_aj': 'deepl', 'model': 'bertweet', 'red': 'no', 'tweet': 'no'}",ru,hu,deepl,bertweet,,all,40.7,139,r_ru_hu_deepl_bertweet_epoch_3.csv,no,no
208,"{'typ': 'r', 'dataset': 'ua', 'jazyk': 'hu', 'prekladac_do_aj': 'origin', 'model': 'llama2', 'tweet': 'tweet', 'red': 'no'}",ua,hu,origin,llama2,,all,68.8,157,r_ua_hu_origin_llama2_epoch_ref_tweet_2.csv,tweet,no
279,"{'typ': 'r', 'dataset': 'ua', 'jazyk': 'cs', 'prekladac_do_aj': 'origin', 'model': 'llama3', 'tweet': 'tweet', 'red': 'no'}",ua,cs,origin,llama3,,all,68.6,410,r_ua_cs_origin_llama3_epoch_ref_tweet_5.csv,tweet,no
300,"{'typ': 'r', 'dataset': 'ru', 'jazyk': 'cs', 'prekladac_do_aj': 'deepl', 'model': 'llama3', 'tweet': 'tweet', 'red': 'no'}",ru,cs,deepl,llama3,,all,68.3,431,r_ru_cs_deepl_llama3_epoch_ref_tweet_5.csv,tweet,no
121,"{'typ': 'r', 'dataset': 'ru', 'jazyk': 'hu', 'prekladac_do_aj': 'origin', 'model': 'llama3', 'tweet': 'tweet', 'red': 'no'}",ru,hu,origin,llama3,,all,68.3,139,r_ru_hu_origin_llama3_epoch_ref_tweet_5.csv,tweet,no
331,"{'typ': 'r', 'dataset': 'ru', 'jazyk': 'pl', 'prekladac_do_aj': 'deepl', 'model': 'bertweet', 'red': 'no', 'tweet': 'no'}",ru,pl,deepl,bertweet,,all,35.2,143,r_ru_pl_deepl_bertweet_epoch_3.csv,no,no
122,"{'typ': 'r', 'dataset': 'ua', 'jazyk': 'cs', 'prekladac_do_aj': 'origin', 'model': 'bert', 'red': 'red', 'tweet': 'no'}",ua,cs,origin,bert,,all,68.1,298,r_ua_cs_origin_bert_epoch_reduced_3.csv,no,red
136,"{'typ': 'r', 'dataset': 'ua', 'jazyk': 'cs', 'prekladac_do_aj': 'origin', 'model': 'llama3', 'red': 'no', 'tweet': 'no'}",ua,cs,origin,llama3,,all,68,410,r_ua_cs_origin_llama3_epoch_5.csv,no,no
152,"{'typ': 'r', 'dataset': 'ru', 'jazyk': 'hu', 'prekladac_do_aj': 'origin', 'model': 'llama2', 'red': 'no', 'tweet': 'no'}",ru,hu,origin,llama2,,all,68,139,r_ru_hu_origin_llama2_epoch_3.csv,no,no
153,"{'typ': 'r', 'dataset': 'ua', 'jazyk': 'hu', 'prekladac_do_aj': 'deepl', 'model': 'bert', 'red': 'red', 'tweet': 'no'}",ua,hu,deepl,bert,,all,76.6,107,r_ua_hu_deepl_bert_epoch_reduced_4.csv,no,red
159,"{'typ': 'r', 'dataset': 'ua', 'jazyk': 'cs', 'prekladac_do_aj': 'helsinki', 'model': 'bertweet', 'tweet': 'tweet', 'red': 'red'}",ua,cs,helsinki,bertweet,,all,67.8,298,r_ua_cs_helsinki_bertweet_epoch_ref_tweet_reduced_2.csv,tweet,red
315,"{'typ': 'r', 'dataset': 'ua', 'jazyk': 'pl', 'prekladac_do_aj': 'origin', 'model': 'mistral', 'red': 'no', 'tweet': 'no'}",ua,pl,origin,mistral,,all,67.8,160,r_ua_pl_origin_mistral_epoch_5.csv,no,no
358,"{'typ': 'r', 'dataset': 'ru', 'jazyk': 'pl', 'prekladac_do_aj': 'origin', 'model': 'llama3', 'red': 'red', 'tweet': 'no'}",ru,pl,origin,llama3,,all,67.6,102,r_ru_pl_origin_llama3_epoch_reduced_5.csv,no,red
165,"{'typ': 'r', 'dataset': 'ru', 'jazyk': 'pl', 'prekladac_do_aj': 'origin', 'model': 'llama3', 'tweet': 'tweet', 'red': 'red'}",ru,pl,origin,llama3,,all,67.5,102,r_ru_pl_origin_llama3_epoch_ref_tweet_reduced_5.csv,tweet,red
303,"{'typ': 'r', 'dataset': 'ru', 'jazyk': 'pl', 'prekladac_do_aj': 'deepl', 'model': 'llama2', 'tweet': 'tweet', 'red': 'no'}",ru,pl,deepl,llama2,,all,67.5,143,r_ru_pl_deepl_llama2_epoch_ref_tweet_3.csv,tweet,no
157,"{'typ': 'r', 'dataset': 'ua', 'jazyk': 'pl', 'prekladac_do_aj': 'helsinki', 'model': 'bert', 'tweet': 'tweet', 'red': 'red'}",ua,pl,helsinki,bert,,all,67.3,95,r_ua_pl_helsinki_bert_epoch_ref_tweet_reduced_5.csv,tweet,red
24,"{'typ': 'r', 'dataset': 'ua', 'jazyk': 'hu', 'prekladac_do_aj': 'origin', 'model': 'mistral', 'tweet': 'tweet', 'red': 'no'}",ua,hu,origin,mistral,,all,67.2,157,r_ua_hu_origin_mistral_epoch_ref_tweet_3.csv,tweet,no
12,"{'typ': 'r', 'dataset': 'ua', 'jazyk': 'pl', 'prekladac_do_aj': 'origin', 'model': 'llama2', 'red': 'no', 'tweet': 'no'}",ua,pl,origin,llama2,,all,67,160,r_ua_pl_origin_llama2_epoch_4.csv,no,no
243,"{'typ': 'r', 'dataset': 'ua', 'jazyk': 'pl', 'prekladac_do_aj': 'origin', 'model': 'mistral', 'tweet': 'tweet', 'red': 'no'}",ua,pl,origin,mistral,,all,67,160,r_ua_pl_origin_mistral_epoch_ref_tweet_5.csv,tweet,no
91,"{'typ': 'r', 'dataset': 'ru', 'jazyk': 'pl', 'prekladac_do_aj': 'helsinki', 'model': 'mistral', 'tweet': 'tweet', 'red': 'no'}",ru,pl,helsinki,mistral,,all,66.9,143,r_ru_pl_helsinki_mistral_epoch_ref_tweet_3.csv,tweet,no
318,"{'typ': 'r', 'dataset': 'ua', 'jazyk': 'pl', 'prekladac_do_aj': 'deepl', 'model': 'bert', 'red': 'red', 'tweet': 'no'}",ua,pl,deepl,bert,,all,72.5,95,r_ua_pl_deepl_bert_epoch_reduced_5.csv,no,red
254,"{'typ': 'r', 'dataset': 'ru', 'jazyk': 'hu', 'prekladac_do_aj': 'origin', 'model': 'bertweet', 'red': 'red', 'tweet': 'no'}",ru,hu,origin,bertweet,,all,66.7,103,r_ru_hu_origin_bertweet_epoch_reduced_3.csv,no,red
265,"{'typ': 'r', 'dataset': 'ru', 'jazyk': 'pl', 'prekladac_do_aj': 'deepl', 'model': 'llama3', 'tweet': 'tweet', 'red': 'red'}",ru,pl,deepl,llama3,,all,66.7,102,r_ru_pl_deepl_llama3_epoch_ref_tweet_reduced_5.csv,tweet,red
155,"{'typ': 'r', 'dataset': 'ru', 'jazyk': 'hu', 'prekladac_do_aj': 'helsinki', 'model': 'bertweet', 'tweet': 'tweet', 'red': 'red'}",ru,hu,helsinki,bertweet,,all,66.6,103,r_ru_hu_helsinki_bertweet_epoch_ref_tweet_reduced_3.csv,tweet,red
131,"{'typ': 'r', 'dataset': 'ru', 'jazyk': 'pl', 'prekladac_do_aj': 'helsinki', 'model': 'mistral', 'red': 'no', 'tweet': 'no'}",ru,pl,helsinki,mistral,,all,66.5,143,r_ru_pl_helsinki_mistral_epoch_3.csv,no,no
245,"{'typ': 'r', 'dataset': 'ua', 'jazyk': 'hu', 'prekladac_do_aj': 'origin', 'model': 'llama3', 'red': 'no', 'tweet': 'no'}",ua,hu,origin,llama3,,all,66.4,157,r_ua_hu_origin_llama3_epoch_5.csv,no,no
314,"{'typ': 'r', 'dataset': 'ru', 'jazyk': 'hu', 'prekladac_do_aj': 'origin', 'model': 'llama2', 'tweet': 'tweet', 'red': 'no'}",ru,hu,origin,llama2,,all,66.4,139,r_ru_hu_origin_llama2_epoch_ref_tweet_3.csv,tweet,no
20,"{'typ': 'r', 'dataset': 'ua', 'jazyk': 'pl', 'prekladac_do_aj': 'origin', 'model': 'bert', 'tweet': 'tweet', 'red': 'red'}",ua,pl,origin,bert,,all,66.3,95,r_ua_pl_origin_bert_epoch_ref_tweet_reduced_4.csv,tweet,red
348,"{'typ': 'r', 'dataset': 'ru', 'jazyk': 'cs', 'prekladac_do_aj': 'origin', 'model': 'llama3', 'red': 'no', 'tweet': 'no'}",ru,cs,origin,llama3,,all,72.7,431,r_ru_cs_origin_llama3_epoch_5.csv,no,no
215,"{'typ': 'r', 'dataset': 'ua', 'jazyk': 'hu', 'prekladac_do_aj': 'origin', 'model': 'mistral', 'red': 'no', 'tweet': 'no'}",ua,hu,origin,mistral,,all,66.1,157,r_ua_hu_origin_mistral_epoch_3.csv,no,no
212,"{'typ': 'r', 'dataset': 'ru', 'jazyk': 'hu', 'prekladac_do_aj': 'origin', 'model': 'llama3', 'red': 'no', 'tweet': 'no'}",ru,hu,origin,llama3,,all,66,139,r_ru_hu_origin_llama3_epoch_5.csv,no,no
126,"{'typ': 'r', 'dataset': 'ru', 'jazyk': 'pl', 'prekladac_do_aj': 'origin', 'model': 'llama2', 'red': 'no', 'tweet': 'no'}",ru,pl,origin,llama2,,all,65.7,143,r_ru_pl_origin_llama2_epoch_3.csv,no,no
163,"{'typ': 'r', 'dataset': 'ru', 'jazyk': 'cs', 'prekladac_do_aj': 'deepl', 'model': 'bertweet', 'tweet': 'tweet', 'red': 'no'}",ru,cs,deepl,bertweet,,all,65.6,431,r_ru_cs_deepl_bertweet_epoch_ref_tweet_2.csv,tweet,no
103,"{'typ': 'r', 'dataset': 'ua', 'jazyk': 'hu', 'prekladac_do_aj': 'deepl', 'model': 'llama2', 'red': 'no', 'tweet': 'no'}",ua,hu,deepl,llama2,,all,70.3,157,r_ua_hu_deepl_llama2_epoch_3.csv,no,no
127,"{'typ': 'r', 'dataset': 'ua', 'jazyk': 'cs', 'prekladac_do_aj': 'deepl', 'model': 'bert', 'red': 'red', 'tweet': 'no'}",ua,cs,deepl,bert,,all,67.9,298,r_ua_cs_deepl_bert_epoch_reduced_3.csv,no,red
82,"{'typ': 'r', 'dataset': 'ru', 'jazyk': 'cs', 'prekladac_do_aj': 'origin', 'model': 'bert', 'red': 'red', 'tweet': 'no'}",ru,cs,origin,bert,,all,61.9,362,r_ru_cs_origin_bert_epoch_reduced_2.csv,no,red
100,"{'typ': 'r', 'dataset': 'ua', 'jazyk': 'hu', 'prekladac_do_aj': 'origin', 'model': 'llama3', 'tweet': 'tweet', 'red': 'no'}",ua,hu,origin,llama3,,all,65.2,157,r_ua_hu_origin_llama3_epoch_ref_tweet_5.csv,tweet,no
298,"{'typ': 'r', 'dataset': 'ru', 'jazyk': 'hu', 'prekladac_do_aj': 'deepl', 'model': 'mistral', 'red': 'no', 'tweet': 'no'}",ru,hu,deepl,mistral,,all,75.8,139,r_ru_hu_deepl_mistral_epoch_3.csv,no,no
47,"{'typ': 'r', 'dataset': 'ru', 'jazyk': 'hu', 'prekladac_do_aj': 'deepl', 'model': 'bert', 'tweet': 'tweet', 'red': 'red'}",ru,hu,deepl,bert,,all,65,103,r_ru_hu_deepl_bert_epoch_ref_tweet_reduced_4.csv,tweet,red
172,"{'typ': 'r', 'dataset': 'ru', 'jazyk': 'pl', 'prekladac_do_aj': 'helsinki', 'model': 'llama2', 'red': 'no', 'tweet': 'no'}",ru,pl,helsinki,llama2,,all,65,143,r_ru_pl_helsinki_llama2_epoch_3.csv,no,no
231,"{'typ': 'r', 'dataset': 'ua', 'jazyk': 'hu', 'prekladac_do_aj': 'deepl', 'model': 'llama3', 'tweet': 'tweet', 'red': 'no'}",ua,hu,deepl,llama3,,all,64.9,157,r_ua_hu_deepl_llama3_epoch_ref_tweet_5.csv,tweet,no
62,"{'typ': 'r', 'dataset': 'ru', 'jazyk': 'pl', 'prekladac_do_aj': 'deepl', 'model': 'bert', 'tweet': 'tweet', 'red': 'red'}",ru,pl,deepl,bert,,all,64.7,102,r_ru_pl_deepl_bert_epoch_ref_tweet_reduced_2.csv,tweet,red
258,"{'typ': 'r', 'dataset': 'ru', 'jazyk': 'hu', 'prekladac_do_aj': 'deepl', 'model': 'mistral', 'tweet': 'tweet', 'red': 'no'}",ru,hu,deepl,mistral,,all,64.6,139,r_ru_hu_deepl_mistral_epoch_ref_tweet_3.csv,tweet,no
283,"{'typ': 'r', 'dataset': 'ua', 'jazyk': 'pl', 'prekladac_do_aj': 'helsinki', 'model': 'mistral', 'tweet': 'tweet', 'red': 'no'}",ua,pl,helsinki,mistral,,all,64.6,160,r_ua_pl_helsinki_mistral_epoch_ref_tweet_5.csv,tweet,no
75,"{'typ': 'r', 'dataset': 'ua', 'jazyk': 'pl', 'prekladac_do_aj': 'helsinki', 'model': 'llama3', 'tweet': 'tweet', 'red': 'red'}",ua,pl,helsinki,llama3,,all,64.4,95,r_ua_pl_helsinki_llama3_epoch_ref_tweet_reduced_5.csv,tweet,red
230,"{'typ': 'r', 'dataset': 'ua', 'jazyk': 'pl', 'prekladac_do_aj': 'helsinki', 'model': 'llama3', 'red': 'red', 'tweet': 'no'}",ua,pl,helsinki,llama3,,all,64.4,95,r_ua_pl_helsinki_llama3_epoch_reduced_5.csv,no,red
108,"{'typ': 'r', 'dataset': 'ru', 'jazyk': 'pl', 'prekladac_do_aj': 'deepl', 'model': 'mistral', 'tweet': 'tweet', 'red': 'no'}",ru,pl,deepl,mistral,,all,64.4,143,r_ru_pl_deepl_mistral_epoch_ref_tweet_3.csv,tweet,no
338,"{'typ': 'r', 'dataset': 'ru', 'jazyk': 'hu', 'prekladac_do_aj': 'deepl', 'model': 'llama2', 'red': 'no', 'tweet': 'no'}",ru,hu,deepl,llama2,,all,74.6,139,r_ru_hu_deepl_llama2_epoch_3.csv,no,no
189,"{'typ': 'r', 'dataset': 'ua', 'jazyk': 'hu', 'prekladac_do_aj': 'helsinki', 'model': 'bertweet', 'red': 'red', 'tweet': 'no'}",ua,hu,helsinki,bertweet,,all,63.8,107,r_ua_hu_helsinki_bertweet_epoch_reduced_3.csv,no,red
192,"{'typ': 'r', 'dataset': 'ru', 'jazyk': 'pl', 'prekladac_do_aj': 'helsinki', 'model': 'bert', 'tweet': 'tweet', 'red': 'red'}",ru,pl,helsinki,bert,,all,63.8,102,r_ru_pl_helsinki_bert_epoch_ref_tweet_reduced_2.csv,tweet,red
228,"{'typ': 'r', 'dataset': 'ua', 'jazyk': 'cs', 'prekladac_do_aj': 'origin', 'model': 'bert', 'tweet': 'tweet', 'red': 'red'}",ua,cs,origin,bert,,all,63.6,298,r_ua_cs_origin_bert_epoch_ref_tweet_reduced_2.csv,tweet,red
266,"{'typ': 'r', 'dataset': 'ru', 'jazyk': 'pl', 'prekladac_do_aj': 'origin', 'model': 'mistral', 'tweet': 'tweet', 'red': 'no'}",ru,pl,origin,mistral,,all,63.6,143,r_ru_pl_origin_mistral_epoch_ref_tweet_3.csv,tweet,no
354,"{'typ': 'r', 'dataset': 'ua', 'jazyk': 'cs', 'prekladac_do_aj': 'helsinki', 'model': 'bert', 'red': 'no', 'tweet': 'no'}",ua,cs,helsinki,bert,,all,63.6,410,r_ua_cs_helsinki_bert_epoch_3.csv,no,no
162,"{'typ': 'r', 'dataset': 'ua', 'jazyk': 'cs', 'prekladac_do_aj': 'helsinki', 'model': 'llama3', 'tweet': 'tweet', 'red': 'no'}",ua,cs,helsinki,llama3,,all,63.1,410,r_ua_cs_helsinki_llama3_epoch_ref_tweet_5.csv,tweet,no
67,"{'typ': 'r', 'dataset': 'ua', 'jazyk': 'pl', 'prekladac_do_aj': 'helsinki', 'model': 'bertweet', 'tweet': 'tweet', 'red': 'red'}",ua,pl,helsinki,bertweet,,all,63,95,r_ua_pl_helsinki_bertweet_epoch_ref_tweet_reduced_3.csv,tweet,red
304,"{'typ': 'r', 'dataset': 'ru', 'jazyk': 'hu', 'prekladac_do_aj': 'deepl', 'model': 'bertweet', 'red': 'red', 'tweet': 'no'}",ru,hu,deepl,bertweet,,all,62.9,103,r_ru_hu_deepl_bertweet_epoch_reduced_3.csv,no,red
137,"{'typ': 'r', 'dataset': 'ru', 'jazyk': 'pl', 'prekladac_do_aj': 'origin', 'model': 'mistral', 'red': 'no', 'tweet': 'no'}",ru,pl,origin,mistral,,all,62.7,143,r_ru_pl_origin_mistral_epoch_3.csv,no,no
235,"{'typ': 'r', 'dataset': 'ua', 'jazyk': 'cs', 'prekladac_do_aj': 'deepl', 'model': 'bert', 'tweet': 'tweet', 'red': 'no'}",ua,cs,deepl,bert,,all,62.7,410,r_ua_cs_deepl_bert_epoch_ref_tweet_3.csv,tweet,no
345,"{'typ': 'r', 'dataset': 'ua', 'jazyk': 'pl', 'prekladac_do_aj': 'deepl', 'model': 'llama2', 'red': 'no', 'tweet': 'no'}",ua,pl,deepl,llama2,,all,71.1,160,r_ua_pl_deepl_llama2_epoch_5.csv,no,no
242,"{'typ': 'r', 'dataset': 'ru', 'jazyk': 'pl', 'prekladac_do_aj': 'deepl', 'model': 'llama2', 'red': 'no', 'tweet': 'no'}",ru,pl,deepl,llama2,,all,70,143,r_ru_pl_deepl_llama2_epoch_3.csv,no,no
27,"{'typ': 'r', 'dataset': 'ru', 'jazyk': 'pl', 'prekladac_do_aj': 'origin', 'model': 'llama2', 'tweet': 'tweet', 'red': 'no'}",ru,pl,origin,llama2,,all,62.6,143,r_ru_pl_origin_llama2_epoch_ref_tweet_3.csv,tweet,no
295,"{'typ': 'r', 'dataset': 'ru', 'jazyk': 'cs', 'prekladac_do_aj': 'deepl', 'model': 'bert', 'tweet': 'tweet', 'red': 'red'}",ru,cs,deepl,bert,,all,62.3,362,r_ru_cs_deepl_bert_epoch_ref_tweet_reduced_2.csv,tweet,red
4,"{'typ': 'r', 'dataset': 'ru', 'jazyk': 'hu', 'prekladac_do_aj': 'origin', 'model': 'bert', 'red': 'no', 'tweet': 'no'}",ru,hu,origin,bert,,all,62.2,139,r_ru_hu_origin_bert_epoch_5.csv,no,no
169,"{'typ': 'r', 'dataset': 'ua', 'jazyk': 'hu', 'prekladac_do_aj': 'deepl', 'model': 'bertweet', 'red': 'red', 'tweet': 'no'}",ua,hu,deepl,bertweet,,all,61.9,107,r_ua_hu_deepl_bertweet_epoch_reduced_3.csv,no,red
83,"{'typ': 'r', 'dataset': 'ru', 'jazyk': 'cs', 'prekladac_do_aj': 'helsinki', 'model': 'bert', 'tweet': 'tweet', 'red': 'red'}",ru,cs,helsinki,bert,,all,61.8,362,r_ru_cs_helsinki_bert_epoch_ref_tweet_reduced_2.csv,tweet,red
350,"{'typ': 'r', 'dataset': 'ua', 'jazyk': 'pl', 'prekladac_do_aj': 'deepl', 'model': 'mistral', 'red': 'no', 'tweet': 'no'}",ua,pl,deepl,mistral,,all,68.3,160,r_ua_pl_deepl_mistral_epoch_5.csv,no,no
57,"{'typ': 'r', 'dataset': 'ua', 'jazyk': 'hu', 'prekladac_do_aj': 'origin', 'model': 'bertweet', 'red': 'red', 'tweet': 'no'}",ua,hu,origin,bertweet,,all,61.7,107,r_ua_hu_origin_bertweet_epoch_reduced_3.csv,no,red
161,"{'typ': 'r', 'dataset': 'ru', 'jazyk': 'pl', 'prekladac_do_aj': 'origin', 'model': 'bert', 'tweet': 'tweet', 'red': 'red'}",ru,pl,origin,bert,,all,61.7,102,r_ru_pl_origin_bert_epoch_ref_tweet_reduced_1.csv,tweet,red
195,"{'typ': 'r', 'dataset': 'ua', 'jazyk': 'hu', 'prekladac_do_aj': 'helsinki', 'model': 'bertweet', 'tweet': 'tweet', 'red': 'red'}",ua,hu,helsinki,bertweet,,all,61.6,107,r_ua_hu_helsinki_bertweet_epoch_ref_tweet_reduced_3.csv,tweet,red
210,"{'typ': 'r', 'dataset': 'ua', 'jazyk': 'pl', 'prekladac_do_aj': 'deepl', 'model': 'bert', 'tweet': 'tweet', 'red': 'red'}",ua,pl,deepl,bert,,all,61.4,95,r_ua_pl_deepl_bert_epoch_ref_tweet_reduced_5.csv,tweet,red
178,"{'typ': 'r', 'dataset': 'ua', 'jazyk': 'pl', 'prekladac_do_aj': 'helsinki', 'model': 'bert', 'red': 'no', 'tweet': 'no'}",ua,pl,helsinki,bert,,all,61.2,160,r_ua_pl_helsinki_bert_epoch_5.csv,no,no
110,"{'typ': 'r', 'dataset': 'ua', 'jazyk': 'pl', 'prekladac_do_aj': 'origin', 'model': 'bert', 'red': 'red', 'tweet': 'no'}",ua,pl,origin,bert,,all,61.1,95,r_ua_pl_origin_bert_epoch_reduced_5.csv,no,red
38,"{'typ': 'r', 'dataset': 'ru', 'jazyk': 'hu', 'prekladac_do_aj': 'deepl', 'model': 'bertweet', 'tweet': 'tweet', 'red': 'red'}",ru,hu,deepl,bertweet,,all,61.1,103,r_ru_hu_deepl_bertweet_epoch_ref_tweet_reduced_3.csv,tweet,red
286,"{'typ': 'r', 'dataset': 'ua', 'jazyk': 'hu', 'prekladac_do_aj': 'helsinki', 'model': 'llama3', 'tweet': 'tweet', 'red': 'no'}",ua,hu,helsinki,llama3,,all,61.1,157,r_ua_hu_helsinki_llama3_epoch_ref_tweet_5.csv,tweet,no
288,"{'typ': 'r', 'dataset': 'ua', 'jazyk': 'pl', 'prekladac_do_aj': 'helsinki', 'model': 'llama3', 'tweet': 'tweet', 'red': 'no'}",ua,pl,helsinki,llama3,,all,61,160,r_ua_pl_helsinki_llama3_epoch_ref_tweet_5.csv,tweet,no
160,"{'typ': 'r', 'dataset': 'ua', 'jazyk': 'cs', 'prekladac_do_aj': 'helsinki', 'model': 'bert', 'tweet': 'tweet', 'red': 'no'}",ua,cs,helsinki,bert,,all,60.9,410,r_ua_cs_helsinki_bert_epoch_ref_tweet_3.csv,tweet,no
167,"{'typ': 'r', 'dataset': 'ru', 'jazyk': 'cs', 'prekladac_do_aj': 'helsinki', 'model': 'llama3', 'tweet': 'tweet', 'red': 'no'}",ru,cs,helsinki,llama3,,all,60.8,431,r_ru_cs_helsinki_llama3_epoch_ref_tweet_5.csv,tweet,no
151,"{'typ': 'r', 'dataset': 'ua', 'jazyk': 'cs', 'prekladac_do_aj': 'origin', 'model': 'bert', 'tweet': 'tweet', 'red': 'no'}",ua,cs,origin,bert,,all,60.7,410,r_ua_cs_origin_bert_epoch_ref_tweet_3.csv,tweet,no
236,"{'typ': 'r', 'dataset': 'ua', 'jazyk': 'hu', 'prekladac_do_aj': 'origin', 'model': 'bert', 'tweet': 'tweet', 'red': 'red'}",ua,hu,origin,bert,,all,60.7,107,r_ua_hu_origin_bert_epoch_ref_tweet_reduced_3.csv,tweet,red
78,"{'typ': 'r', 'dataset': 'ru', 'jazyk': 'pl', 'prekladac_do_aj': 'deepl', 'model': 'llama3', 'tweet': 'tweet', 'red': 'no'}",ru,pl,deepl,llama3,,all,60.6,143,r_ru_pl_deepl_llama3_epoch_ref_tweet_5.csv,tweet,no
174,"{'typ': 'r', 'dataset': 'ua', 'jazyk': 'pl', 'prekladac_do_aj': 'origin', 'model': 'bertweet', 'tweet': 'tweet', 'red': 'red'}",ua,pl,origin,bertweet,,all,60.2,95,r_ua_pl_origin_bertweet_epoch_ref_tweet_reduced_2.csv,tweet,red
217,"{'typ': 'r', 'dataset': 'ru', 'jazyk': 'pl', 'prekladac_do_aj': 'deepl', 'model': 'mistral', 'red': 'no', 'tweet': 'no'}",ru,pl,deepl,mistral,,all,68.9,143,r_ru_pl_deepl_mistral_epoch_3.csv,no,no
16,"{'typ': 'r', 'dataset': 'ru', 'jazyk': 'hu', 'prekladac_do_aj': 'helsinki', 'model': 'llama3', 'red': 'no', 'tweet': 'no'}",ru,hu,helsinki,llama3,,all,60.1,139,r_ru_hu_helsinki_llama3_epoch_5.csv,no,no
32,"{'typ': 'r', 'dataset': 'ua', 'jazyk': 'cs', 'prekladac_do_aj': 'deepl', 'model': 'bert', 'tweet': 'tweet', 'red': 'red'}",ua,cs,deepl,bert,,all,60,298,r_ua_cs_deepl_bert_epoch_ref_tweet_reduced_3.csv,tweet,red
33,"{'typ': 'r', 'dataset': 'ua', 'jazyk': 'pl', 'prekladac_do_aj': 'deepl', 'model': 'bertweet', 'tweet': 'tweet', 'red': 'red'}",ua,pl,deepl,bertweet,,all,59.9,95,r_ua_pl_deepl_bertweet_epoch_ref_tweet_reduced_3.csv,tweet,red
339,"{'typ': 'r', 'dataset': 'ua', 'jazyk': 'cs', 'prekladac_do_aj': 'origin', 'model': 'bert', 'red': 'no', 'tweet': 'no'}",ua,cs,origin,bert,,all,59.8,410,r_ua_cs_origin_bert_epoch_3.csv,no,no
144,"{'typ': 'r', 'dataset': 'ua', 'jazyk': 'pl', 'prekladac_do_aj': 'origin', 'model': 'llama3', 'red': 'no', 'tweet': 'no'}",ua,pl,origin,llama3,,all,59.6,160,r_ua_pl_origin_llama3_epoch_5.csv,no,no
250,"{'typ': 'r', 'dataset': 'ua', 'jazyk': 'cs', 'prekladac_do_aj': 'helsinki', 'model': 'bertweet', 'red': 'red', 'tweet': 'no'}",ua,cs,helsinki,bertweet,,all,59.6,298,r_ua_cs_helsinki_bertweet_epoch_reduced_2.csv,no,red
86,"{'typ': 'r', 'dataset': 'ru', 'jazyk': 'cs', 'prekladac_do_aj': 'origin', 'model': 'bert', 'tweet': 'tweet', 'red': 'red'}",ru,cs,origin,bert,,all,59.5,362,r_ru_cs_origin_bert_epoch_ref_tweet_reduced_2.csv,tweet,red
64,"{'typ': 'r', 'dataset': 'ru', 'jazyk': 'hu', 'prekladac_do_aj': 'helsinki', 'model': 'llama3', 'tweet': 'tweet', 'red': 'no'}",ru,hu,helsinki,llama3,,all,59.4,139,r_ru_hu_helsinki_llama3_epoch_ref_tweet_5.csv,tweet,no
274,"{'typ': 'r', 'dataset': 'ua', 'jazyk': 'pl', 'prekladac_do_aj': 'deepl', 'model': 'bert', 'tweet': 'tweet', 'red': 'no'}",ua,pl,deepl,bert,,all,59.2,160,r_ua_pl_deepl_bert_epoch_ref_tweet_5.csv,tweet,no
233,"{'typ': 'r', 'dataset': 'ua', 'jazyk': 'cs', 'prekladac_do_aj': 'deepl', 'model': 'bert', 'red': 'no', 'tweet': 'no'}",ua,cs,deepl,bert,,all,65,410,r_ua_cs_deepl_bert_epoch_3.csv,no,no
260,"{'typ': 'r', 'dataset': 'ru', 'jazyk': 'cs', 'prekladac_do_aj': 'helsinki', 'model': 'bert', 'red': 'no', 'tweet': 'no'}",ru,cs,helsinki,bert,,all,58.8,431,r_ru_cs_helsinki_bert_epoch_2.csv,no,no
299,"{'typ': 'r', 'dataset': 'ua', 'jazyk': 'pl', 'prekladac_do_aj': 'deepl', 'model': 'bertweet', 'red': 'red', 'tweet': 'no'}",ua,pl,deepl,bertweet,,all,58.8,95,r_ua_pl_deepl_bertweet_epoch_reduced_3.csv,no,red
323,"{'typ': 'r', 'dataset': 'ru', 'jazyk': 'hu', 'prekladac_do_aj': 'deepl', 'model': 'llama3', 'red': 'no', 'tweet': 'no'}",ru,hu,deepl,llama3,,all,72.6,139,r_ru_hu_deepl_llama3_epoch_5.csv,no,no
319,"{'typ': 'r', 'dataset': 'ru', 'jazyk': 'pl', 'prekladac_do_aj': 'origin', 'model': 'llama3', 'tweet': 'tweet', 'red': 'no'}",ru,pl,origin,llama3,,all,58.7,143,r_ru_pl_origin_llama3_epoch_ref_tweet_5.csv,tweet,no
65,"{'typ': 'r', 'dataset': 'ru', 'jazyk': 'hu', 'prekladac_do_aj': 'origin', 'model': 'bert', 'tweet': 'tweet', 'red': 'no'}",ru,hu,origin,bert,,all,58.5,139,r_ru_hu_origin_bert_epoch_ref_tweet_4.csv,tweet,no
346,"{'typ': 'r', 'dataset': 'ua', 'jazyk': 'cs', 'prekladac_do_aj': 'origin', 'model': 'bertweet', 'tweet': 'tweet', 'red': 'red'}",ua,cs,origin,bertweet,,all,58.4,298,r_ua_cs_origin_bertweet_epoch_ref_tweet_reduced_1.csv,tweet,red
117,"{'typ': 'r', 'dataset': 'ua', 'jazyk': 'hu', 'prekladac_do_aj': 'origin', 'model': 'bert', 'tweet': 'tweet', 'red': 'no'}",ua,hu,origin,bert,,all,58.1,157,r_ua_hu_origin_bert_epoch_ref_tweet_4.csv,tweet,no
193,"{'typ': 'r', 'dataset': 'ua', 'jazyk': 'pl', 'prekladac_do_aj': 'helsinki', 'model': 'llama3', 'red': 'no', 'tweet': 'no'}",ua,pl,helsinki,llama3,,all,58.1,160,r_ua_pl_helsinki_llama3_epoch_5.csv,no,no
13,"{'typ': 'r', 'dataset': 'ua', 'jazyk': 'pl', 'prekladac_do_aj': 'origin', 'model': 'bertweet', 'red': 'red', 'tweet': 'no'}",ua,pl,origin,bertweet,,all,57.8,95,r_ua_pl_origin_bertweet_epoch_reduced_3.csv,no,red
40,"{'typ': 'r', 'dataset': 'ua', 'jazyk': 'hu', 'prekladac_do_aj': 'deepl', 'model': 'bert', 'tweet': 'tweet', 'red': 'red'}",ua,hu,deepl,bert,,all,57.8,107,r_ua_hu_deepl_bert_epoch_ref_tweet_reduced_4.csv,tweet,red
118,"{'typ': 'r', 'dataset': 'ru', 'jazyk': 'pl', 'prekladac_do_aj': 'helsinki', 'model': 'llama3', 'red': 'no', 'tweet': 'no'}",ru,pl,helsinki,llama3,,all,57.8,143,r_ru_pl_helsinki_llama3_epoch_5.csv,no,no
170,"{'typ': 'r', 'dataset': 'ru', 'jazyk': 'hu', 'prekladac_do_aj': 'origin', 'model': 'bertweet', 'tweet': 'tweet', 'red': 'red'}",ru,hu,origin,bertweet,,all,57.8,103,r_ru_hu_origin_bertweet_epoch_ref_tweet_reduced_3.csv,tweet,red
289,"{'typ': 'r', 'dataset': 'ru', 'jazyk': 'pl', 'prekladac_do_aj': 'helsinki', 'model': 'bertweet', 'tweet': 'tweet', 'red': 'red'}",ru,pl,helsinki,bertweet,,all,57.8,102,r_ru_pl_helsinki_bertweet_epoch_ref_tweet_reduced_3.csv,tweet,red
277,"{'typ': 'r', 'dataset': 'ua', 'jazyk': 'hu', 'prekladac_do_aj': 'helsinki', 'model': 'bert', 'tweet': 'tweet', 'red': 'no'}",ua,hu,helsinki,bert,,all,57.7,157,r_ua_hu_helsinki_bert_epoch_ref_tweet_4.csv,tweet,no
105,"{'typ': 'r', 'dataset': 'ru', 'jazyk': 'cs', 'prekladac_do_aj': 'origin', 'model': 'llama3', 'tweet': 'tweet', 'red': 'no'}",ru,cs,origin,llama3,,all,57.5,431,r_ru_cs_origin_llama3_epoch_ref_tweet_5.csv,tweet,no
25,"{'typ': 'r', 'dataset': 'ru', 'jazyk': 'pl', 'prekladac_do_aj': 'deepl', 'model': 'bertweet', 'tweet': 'tweet', 'red': 'red'}",ru,pl,deepl,bertweet,,all,57.5,102,r_ru_pl_deepl_bertweet_epoch_ref_tweet_reduced_3.csv,tweet,red
114,"{'typ': 'r', 'dataset': 'ru', 'jazyk': 'cs', 'prekladac_do_aj': 'origin', 'model': 'bert', 'tweet': 'tweet', 'red': 'no'}",ru,cs,origin,bert,,all,57.1,431,r_ru_cs_origin_bert_epoch_ref_tweet_2.csv,tweet,no
88,"{'typ': 'r', 'dataset': 'ua', 'jazyk': 'hu', 'prekladac_do_aj': 'origin', 'model': 'bert', 'red': 'no', 'tweet': 'no'}",ua,hu,origin,bert,,all,57,157,r_ua_hu_origin_bert_epoch_4.csv,no,no
296,"{'typ': 'r', 'dataset': 'ua', 'jazyk': 'pl', 'prekladac_do_aj': 'deepl', 'model': 'llama3', 'tweet': 'tweet', 'red': 'no'}",ua,pl,deepl,llama3,,all,56.8,160,r_ua_pl_deepl_llama3_epoch_ref_tweet_5.csv,tweet,no
357,"{'typ': 'r', 'dataset': 'ua', 'jazyk': 'hu', 'prekladac_do_aj': 'origin', 'model': 'bert', 'red': 'red', 'tweet': 'no'}",ua,hu,origin,bert,,all,56.6,107,r_ua_hu_origin_bert_epoch_reduced_4.csv,no,red
183,"{'typ': 'r', 'dataset': 'ua', 'jazyk': 'hu', 'prekladac_do_aj': 'helsinki', 'model': 'llama3', 'red': 'no', 'tweet': 'no'}",ua,hu,helsinki,llama3,,all,56.3,157,r_ua_hu_helsinki_llama3_epoch_5.csv,no,no
238,"{'typ': 'r', 'dataset': 'ru', 'jazyk': 'pl', 'prekladac_do_aj': 'helsinki', 'model': 'bert', 'red': 'red', 'tweet': 'no'}",ru,pl,helsinki,bert,,all,56.3,102,r_ru_pl_helsinki_bert_epoch_reduced_2.csv,no,red
95,"{'typ': 'r', 'dataset': 'ua', 'jazyk': 'hu', 'prekladac_do_aj': 'origin', 'model': 'bertweet', 'tweet': 'tweet', 'red': 'no'}",ua,hu,origin,bertweet,,all,56,157,r_ua_hu_origin_bertweet_epoch_ref_tweet_3.csv,tweet,no
317,"{'typ': 'r', 'dataset': 'ru', 'jazyk': 'pl', 'prekladac_do_aj': 'origin', 'model': 'bert', 'red': 'red', 'tweet': 'no'}",ru,pl,origin,bert,,all,55.8,102,r_ru_pl_origin_bert_epoch_reduced_2.csv,no,red
188,"{'typ': 'r', 'dataset': 'ua', 'jazyk': 'cs', 'prekladac_do_aj': 'origin', 'model': 'bertweet', 'red': 'no', 'tweet': 'no'}",ua,cs,origin,bertweet,,all,55.4,410,r_ua_cs_origin_bertweet_epoch_2.csv,no,no
264,"{'typ': 'r', 'dataset': 'ua', 'jazyk': 'cs', 'prekladac_do_aj': 'origin', 'model': 'bertweet', 'red': 'red', 'tweet': 'no'}",ua,cs,origin,bertweet,,all,54.8,298,r_ua_cs_origin_bertweet_epoch_reduced_2.csv,no,red
60,"{'typ': 'r', 'dataset': 'ru', 'jazyk': 'pl', 'prekladac_do_aj': 'origin', 'model': 'bertweet', 'tweet': 'tweet', 'red': 'red'}",ru,pl,origin,bertweet,,all,54.7,102,r_ru_pl_origin_bertweet_epoch_ref_tweet_reduced_3.csv,tweet,red
201,"{'typ': 'r', 'dataset': 'ua', 'jazyk': 'hu', 'prekladac_do_aj': 'helsinki', 'model': 'bert', 'red': 'no', 'tweet': 'no'}",ua,hu,helsinki,bert,,all,54.6,157,r_ua_hu_helsinki_bert_epoch_4.csv,no,no
306,"{'typ': 'r', 'dataset': 'ru', 'jazyk': 'cs', 'prekladac_do_aj': 'origin', 'model': 'bert', 'red': 'no', 'tweet': 'no'}",ru,cs,origin,bert,,all,60,431,r_ru_cs_origin_bert_epoch_2.csv,no,no
141,"{'typ': 'r', 'dataset': 'ru', 'jazyk': 'hu', 'prekladac_do_aj': 'deepl', 'model': 'bert', 'tweet': 'tweet', 'red': 'no'}",ru,hu,deepl,bert,,all,54.4,139,r_ru_hu_deepl_bert_epoch_ref_tweet_4.csv,tweet,no
249,"{'typ': 'r', 'dataset': 'ru', 'jazyk': 'cs', 'prekladac_do_aj': 'helsinki', 'model': 'bert', 'red': 'red', 'tweet': 'no'}",ru,cs,helsinki,bert,,all,54.4,362,r_ru_cs_helsinki_bert_epoch_reduced_2.csv,no,red
187,"{'typ': 'r', 'dataset': 'ru', 'jazyk': 'cs', 'prekladac_do_aj': 'helsinki', 'model': 'bert', 'tweet': 'tweet', 'red': 'no'}",ru,cs,helsinki,bert,,all,54.2,431,r_ru_cs_helsinki_bert_epoch_ref_tweet_2.csv,tweet,no
52,"{'typ': 'r', 'dataset': 'ua', 'jazyk': 'hu', 'prekladac_do_aj': 'helsinki', 'model': 'bert', 'tweet': 'tweet', 'red': 'red'}",ua,hu,helsinki,bert,,all,54,107,r_ua_hu_helsinki_bert_epoch_ref_tweet_reduced_4.csv,tweet,red
181,"{'typ': 'r', 'dataset': 'ua', 'jazyk': 'cs', 'prekladac_do_aj': 'deepl', 'model': 'bertweet', 'red': 'red', 'tweet': 'no'}",ua,cs,deepl,bertweet,,all,54,298,r_ua_cs_deepl_bertweet_epoch_reduced_2.csv,no,red
270,"{'typ': 'r', 'dataset': 'ua', 'jazyk': 'pl', 'prekladac_do_aj': 'origin', 'model': 'llama3', 'tweet': 'tweet', 'red': 'no'}",ua,pl,origin,llama3,,all,53.5,160,r_ua_pl_origin_llama3_epoch_ref_tweet_5.csv,tweet,no
135,"{'typ': 'r', 'dataset': 'ua', 'jazyk': 'cs', 'prekladac_do_aj': 'deepl', 'model': 'bertweet', 'tweet': 'tweet', 'red': 'no'}",ua,cs,deepl,bertweet,,all,53.4,410,r_ua_cs_deepl_bertweet_epoch_ref_tweet_2.csv,tweet,no
218,"{'typ': 'r', 'dataset': 'ua', 'jazyk': 'cs', 'prekladac_do_aj': 'helsinki', 'model': 'bertweet', 'tweet': 'tweet', 'red': 'no'}",ua,cs,helsinki,bertweet,,all,53.4,410,r_ua_cs_helsinki_bertweet_epoch_ref_tweet_2.csv,tweet,no
292,"{'typ': 'r', 'dataset': 'ru', 'jazyk': 'cs', 'prekladac_do_aj': 'helsinki', 'model': 'bertweet', 'red': 'no', 'tweet': 'no'}",ru,cs,helsinki,bertweet,,all,53.2,431,r_ru_cs_helsinki_bertweet_epoch_2.csv,no,no
93,"{'typ': 'r', 'dataset': 'ru', 'jazyk': 'hu', 'prekladac_do_aj': 'helsinki', 'model': 'bert', 'tweet': 'tweet', 'red': 'no'}",ru,hu,helsinki,bert,,all,52.8,139,r_ru_hu_helsinki_bert_epoch_ref_tweet_4.csv,tweet,no
197,"{'typ': 'r', 'dataset': 'ua', 'jazyk': 'hu', 'prekladac_do_aj': 'deepl', 'model': 'bertweet', 'tweet': 'tweet', 'red': 'red'}",ua,hu,deepl,bertweet,,all,52.1,107,r_ua_hu_deepl_bertweet_epoch_ref_tweet_reduced_3.csv,tweet,red
39,"{'typ': 'r', 'dataset': 'ru', 'jazyk': 'pl', 'prekladac_do_aj': 'helsinki', 'model': 'bert', 'red': 'no', 'tweet': 'no'}",ru,pl,helsinki,bert,,all,51.7,143,r_ru_pl_helsinki_bert_epoch_2.csv,no,no
61,"{'typ': 'r', 'dataset': 'ua', 'jazyk': 'hu', 'prekladac_do_aj': 'origin', 'model': 'bertweet', 'red': 'no', 'tweet': 'no'}",ua,hu,origin,bertweet,,all,51.6,157,r_ua_hu_origin_bertweet_epoch_3.csv,no,no
119,"{'typ': 'r', 'dataset': 'ua', 'jazyk': 'hu', 'prekladac_do_aj': 'helsinki', 'model': 'bertweet', 'red': 'no', 'tweet': 'no'}",ua,hu,helsinki,bertweet,,all,51.6,157,r_ua_hu_helsinki_bertweet_epoch_3.csv,no,no
130,"{'typ': 'r', 'dataset': 'ru', 'jazyk': 'cs', 'prekladac_do_aj': 'origin', 'model': 'bertweet', 'tweet': 'tweet', 'red': 'red'}",ru,cs,origin,bertweet,,all,51.5,362,r_ru_cs_origin_bertweet_epoch_ref_tweet_reduced_2.csv,tweet,red
241,"{'typ': 'r', 'dataset': 'ua', 'jazyk': 'pl', 'prekladac_do_aj': 'deepl', 'model': 'bert', 'red': 'no', 'tweet': 'no'}",ua,pl,deepl,bert,,all,62.7,160,r_ua_pl_deepl_bert_epoch_5.csv,no,no
85,"{'typ': 'r', 'dataset': 'ru', 'jazyk': 'pl', 'prekladac_do_aj': 'deepl', 'model': 'bertweet', 'red': 'red', 'tweet': 'no'}",ru,pl,deepl,bertweet,,all,50.7,102,r_ru_pl_deepl_bertweet_epoch_reduced_3.csv,no,red
332,"{'typ': 'r', 'dataset': 'ua', 'jazyk': 'hu', 'prekladac_do_aj': 'deepl', 'model': 'bert', 'tweet': 'tweet', 'red': 'no'}",ua,hu,deepl,bert,,all,50.4,157,r_ua_hu_deepl_bert_epoch_ref_tweet_4.csv,tweet,no
180,"{'typ': 'r', 'dataset': 'ru', 'jazyk': 'cs', 'prekladac_do_aj': 'deepl', 'model': 'bert', 'tweet': 'tweet', 'red': 'no'}",ru,cs,deepl,bert,,all,50.3,431,r_ru_cs_deepl_bert_epoch_ref_tweet_2.csv,tweet,no
290,"{'typ': 'r', 'dataset': 'ru', 'jazyk': 'cs', 'prekladac_do_aj': 'origin', 'model': 'bertweet', 'red': 'no', 'tweet': 'no'}",ru,cs,origin,bertweet,,all,40.6,431,r_ru_cs_origin_bertweet_epoch_2.csv,no,no
34,"{'typ': 'r', 'dataset': 'ru', 'jazyk': 'hu', 'prekladac_do_aj': 'helsinki', 'model': 'bert', 'red': 'no', 'tweet': 'no'}",ru,hu,helsinki,bert,,all,50.1,139,r_ru_hu_helsinki_bert_epoch_4.csv,no,no
17,"{'typ': 'r', 'dataset': 'ua', 'jazyk': 'pl', 'prekladac_do_aj': 'deepl', 'model': 'llama3', 'red': 'no', 'tweet': 'no'}",ua,pl,deepl,llama3,,all,62.7,160,r_ua_pl_deepl_llama3_epoch_5.csv,no,no
74,"{'typ': 'r', 'dataset': 'ru', 'jazyk': 'pl', 'prekladac_do_aj': 'deepl', 'model': 'bert', 'tweet': 'tweet', 'red': 'no'}",ru,pl,deepl,bert,,all,49.8,143,r_ru_pl_deepl_bert_epoch_ref_tweet_2.csv,tweet,no
226,"{'typ': 'r', 'dataset': 'ru', 'jazyk': 'pl', 'prekladac_do_aj': 'deepl', 'model': 'llama3', 'red': 'no', 'tweet': 'no'}",ru,pl,deepl,llama3,,all,64.3,143,r_ru_pl_deepl_llama3_epoch_5.csv,no,no
216,"{'typ': 'r', 'dataset': 'ua', 'jazyk': 'cs', 'prekladac_do_aj': 'helsinki', 'model': 'bert', 'tweet': 'tweet', 'red': 'red'}",ua,cs,helsinki,bert,,all,49.1,298,r_ua_cs_helsinki_bert_epoch_ref_tweet_reduced_3.csv,tweet,red
247,"{'typ': 'r', 'dataset': 'ua', 'jazyk': 'cs', 'prekladac_do_aj': 'origin', 'model': 'bertweet', 'tweet': 'tweet', 'red': 'no'}",ua,cs,origin,bertweet,,all,48.9,410,r_ua_cs_origin_bertweet_epoch_ref_tweet_2.csv,tweet,no
205,"{'typ': 'r', 'dataset': 'ru', 'jazyk': 'pl', 'prekladac_do_aj': 'origin', 'model': 'llama3', 'red': 'no', 'tweet': 'no'}",ru,pl,origin,llama3,,all,48.4,143,r_ru_pl_origin_llama3_epoch_5.csv,no,no
68,"{'typ': 'r', 'dataset': 'ru', 'jazyk': 'pl', 'prekladac_do_aj': 'helsinki', 'model': 'bert', 'tweet': 'tweet', 'red': 'no'}",ru,pl,helsinki,bert,,all,48,143,r_ru_pl_helsinki_bert_epoch_ref_tweet_2.csv,tweet,no
147,"{'typ': 'r', 'dataset': 'ua', 'jazyk': 'hu', 'prekladac_do_aj': 'origin', 'model': 'bertweet', 'tweet': 'tweet', 'red': 'red'}",ua,hu,origin,bertweet,,all,47,107,r_ua_hu_origin_bertweet_epoch_ref_tweet_reduced_3.csv,tweet,red
59,"{'typ': 'r', 'dataset': 'ua', 'jazyk': 'hu', 'prekladac_do_aj': 'deepl', 'model': 'bertweet', 'tweet': 'tweet', 'red': 'no'}",ua,hu,deepl,bertweet,,all,46.9,157,r_ua_hu_deepl_bertweet_epoch_ref_tweet_3.csv,tweet,no
206,"{'typ': 'r', 'dataset': 'ua', 'jazyk': 'pl', 'prekladac_do_aj': 'origin', 'model': 'bert', 'red': 'no', 'tweet': 'no'}",ua,pl,origin,bert,,all,46.8,160,r_ua_pl_origin_bert_epoch_5.csv,no,no
7,"{'typ': 'r', 'dataset': 'ua', 'jazyk': 'pl', 'prekladac_do_aj': 'helsinki', 'model': 'bertweet', 'red': 'red', 'tweet': 'no'}",ua,pl,helsinki,bertweet,,all,46.6,95,r_ua_pl_helsinki_bertweet_epoch_reduced_3.csv,no,red
132,"{'typ': 'r', 'dataset': 'ru', 'jazyk': 'hu', 'prekladac_do_aj': 'helsinki', 'model': 'bertweet', 'red': 'no', 'tweet': 'no'}",ru,hu,helsinki,bertweet,,all,45.6,139,r_ru_hu_helsinki_bertweet_epoch_3.csv,no,no
321,"{'typ': 'r', 'dataset': 'ru', 'jazyk': 'pl', 'prekladac_do_aj': 'helsinki', 'model': 'bertweet', 'red': 'red', 'tweet': 'no'}",ru,pl,helsinki,bertweet,,all,45.4,102,r_ru_pl_helsinki_bertweet_epoch_reduced_3.csv,no,red
63,"{'typ': 'r', 'dataset': 'ua', 'jazyk': 'hu', 'prekladac_do_aj': 'deepl', 'model': 'bert', 'red': 'no', 'tweet': 'no'}",ua,hu,deepl,bert,,all,50.9,157,r_ua_hu_deepl_bert_epoch_4.csv,no,no
280,"{'typ': 'r', 'dataset': 'ru', 'jazyk': 'hu', 'prekladac_do_aj': 'deepl', 'model': 'bertweet', 'tweet': 'tweet', 'red': 'no'}",ru,hu,deepl,bertweet,,all,43.9,139,r_ru_hu_deepl_bertweet_epoch_ref_tweet_3.csv,tweet,no
125,"{'typ': 'r', 'dataset': 'ru', 'jazyk': 'cs', 'prekladac_do_aj': 'deepl', 'model': 'bertweet', 'red': 'red', 'tweet': 'no'}",ru,cs,deepl,bertweet,,all,54.1,362,r_ru_cs_deepl_bertweet_epoch_reduced_2.csv,no,red
150,"{'typ': 'r', 'dataset': 'ru', 'jazyk': 'pl', 'prekladac_do_aj': 'origin', 'model': 'bert', 'red': 'no', 'tweet': 'no'}",ru,pl,origin,bert,,all,43.2,143,r_ru_pl_origin_bert_epoch_2.csv,no,no
232,"{'typ': 'r', 'dataset': 'ru', 'jazyk': 'cs', 'prekladac_do_aj': 'origin', 'model': 'bertweet', 'tweet': 'tweet', 'red': 'no'}",ru,cs,origin,bertweet,,all,42.6,431,r_ru_cs_origin_bertweet_epoch_ref_tweet_2.csv,tweet,no
92,"{'typ': 'r', 'dataset': 'ru', 'jazyk': 'pl', 'prekladac_do_aj': 'origin', 'model': 'bertweet', 'red': 'red', 'tweet': 'no'}",ru,pl,origin,bertweet,,all,40.8,102,r_ru_pl_origin_bertweet_epoch_reduced_3.csv,no,red
322,"{'typ': 'r', 'dataset': 'ua', 'jazyk': 'cs', 'prekladac_do_aj': 'deepl', 'model': 'bertweet', 'red': 'no', 'tweet': 'no'}",ua,cs,deepl,bertweet,,all,49.8,410,r_ua_cs_deepl_bertweet_epoch_2.csv,no,no
128,"{'typ': 'r', 'dataset': 'ua', 'jazyk': 'hu', 'prekladac_do_aj': 'deepl', 'model': 'bertweet', 'red': 'no', 'tweet': 'no'}",ua,hu,deepl,bertweet,,all,44.1,157,r_ua_hu_deepl_bertweet_epoch_3.csv,no,no
72,"{'typ': 'r', 'dataset': 'ru', 'jazyk': 'pl', 'prekladac_do_aj': 'helsinki', 'model': 'bertweet', 'tweet': 'tweet', 'red': 'no'}",ru,pl,helsinki,bertweet,,all,39.3,143,r_ru_pl_helsinki_bertweet_epoch_ref_tweet_3.csv,tweet,no
21,"{'typ': 'r', 'dataset': 'ru', 'jazyk': 'cs', 'prekladac_do_aj': 'helsinki', 'model': 'bertweet', 'tweet': 'tweet', 'red': 'red'}",ru,cs,helsinki,bertweet,,all,37.6,362,r_ru_cs_helsinki_bertweet_epoch_ref_tweet_reduced_2.csv,tweet,red
143,"{'typ': 'r', 'dataset': 'ru', 'jazyk': 'hu', 'prekladac_do_aj': 'origin', 'model': 'bertweet', 'tweet': 'tweet', 'red': 'no'}",ru,hu,origin,bertweet,,all,37.5,139,r_ru_hu_origin_bertweet_epoch_ref_tweet_3.csv,tweet,no
229,"{'typ': 'r', 'dataset': 'ua', 'jazyk': 'pl', 'prekladac_do_aj': 'origin', 'model': 'bertweet', 'tweet': 'tweet', 'red': 'no'}",ua,pl,origin,bertweet,,all,37.5,160,r_ua_pl_origin_bertweet_epoch_ref_tweet_3.csv,tweet,no
18,"{'typ': 'r', 'dataset': 'ru', 'jazyk': 'pl', 'prekladac_do_aj': 'helsinki', 'model': 'bertweet', 'red': 'no', 'tweet': 'no'}",ru,pl,helsinki,bertweet,,all,37.4,143,r_ru_pl_helsinki_bertweet_epoch_3.csv,no,no
176,"{'typ': 'r', 'dataset': 'ru', 'jazyk': 'pl', 'prekladac_do_aj': 'origin', 'model': 'bertweet', 'tweet': 'tweet', 'red': 'no'}",ru,pl,origin,bertweet,,all,36.5,143,r_ru_pl_origin_bertweet_epoch_ref_tweet_3.csv,tweet,no
255,"{'typ': 'r', 'dataset': 'ua', 'jazyk': 'pl', 'prekladac_do_aj': 'helsinki', 'model': 'bert', 'tweet': 'tweet', 'red': 'no'}",ua,pl,helsinki,bert,,all,36.5,160,r_ua_pl_helsinki_bert_epoch_ref_tweet_5.csv,tweet,no
173,"{'typ': 'r', 'dataset': 'ua', 'jazyk': 'cs', 'prekladac_do_aj': 'helsinki', 'model': 'bertweet', 'red': 'no', 'tweet': 'no'}",ua,cs,helsinki,bertweet,,all,36.2,410,r_ua_cs_helsinki_bertweet_epoch_2.csv,no,no
204,"{'typ': 'r', 'dataset': 'ua', 'jazyk': 'pl', 'prekladac_do_aj': 'deepl', 'model': 'bertweet', 'red': 'no', 'tweet': 'no'}",ua,pl,deepl,bertweet,,all,39.9,160,r_ua_pl_deepl_bertweet_epoch_3.csv,no,no
51,"{'typ': 'r', 'dataset': 'ru', 'jazyk': 'hu', 'prekladac_do_aj': 'helsinki', 'model': 'bertweet', 'tweet': 'tweet', 'red': 'no'}",ru,hu,helsinki,bertweet,,all,34.5,139,r_ru_hu_helsinki_bertweet_epoch_ref_tweet_3.csv,tweet,no
285,"{'typ': 'r', 'dataset': 'ua', 'jazyk': 'pl', 'prekladac_do_aj': 'origin', 'model': 'bert', 'tweet': 'tweet', 'red': 'no'}",ua,pl,origin,bert,,all,33.8,160,r_ua_pl_origin_bert_epoch_ref_tweet_5.csv,tweet,no
73,"{'typ': 'r', 'dataset': 'ru', 'jazyk': 'hu', 'prekladac_do_aj': 'origin', 'model': 'bertweet', 'red': 'no', 'tweet': 'no'}",ru,hu,origin,bertweet,,all,33.5,139,r_ru_hu_origin_bertweet_epoch_3.csv,no,no
198,"{'typ': 'r', 'dataset': 'ua', 'jazyk': 'pl', 'prekladac_do_aj': 'origin', 'model': 'bertweet', 'red': 'no', 'tweet': 'no'}",ua,pl,origin,bertweet,,all,31.3,160,r_ua_pl_origin_bertweet_epoch_3.csv,no,no
71,"{'typ': 'r', 'dataset': 'ru', 'jazyk': 'pl', 'prekladac_do_aj': 'origin', 'model': 'bert', 'tweet': 'tweet', 'red': 'no'}",ru,pl,origin,bert,,all,31.1,143,r_ru_pl_origin_bert_epoch_ref_tweet_2.csv,tweet,no
326,"{'typ': 'r', 'dataset': 'ua', 'jazyk': 'pl', 'prekladac_do_aj': 'deepl', 'model': 'bertweet', 'tweet': 'tweet', 'red': 'no'}",ua,pl,deepl,bertweet,,all,30.9,160,r_ua_pl_deepl_bertweet_epoch_ref_tweet_3.csv,tweet,no
284,"{'typ': 'r', 'dataset': 'ru', 'jazyk': 'pl', 'prekladac_do_aj': 'deepl', 'model': 'bertweet', 'tweet': 'tweet', 'red': 'no'}",ru,pl,deepl,bertweet,,all,30.7,143,r_ru_pl_deepl_bertweet_epoch_ref_tweet_3.csv,tweet,no
244,"{'typ': 'r', 'dataset': 'ru', 'jazyk': 'pl', 'prekladac_do_aj': 'origin', 'model': 'bertweet', 'red': 'no', 'tweet': 'no'}",ru,pl,origin,bertweet,,all,30.5,143,r_ru_pl_origin_bertweet_epoch_3.csv,no,no
257,"{'typ': 'r', 'dataset': 'ua', 'jazyk': 'pl', 'prekladac_do_aj': 'helsinki', 'model': 'bertweet', 'red': 'no', 'tweet': 'no'}",ua,pl,helsinki,bertweet,,all,29.3,160,r_ua_pl_helsinki_bertweet_epoch_3.csv,no,no
199,"{'typ': 'r', 'dataset': 'ua', 'jazyk': 'pl', 'prekladac_do_aj': 'helsinki', 'model': 'bertweet', 'tweet': 'tweet', 'red': 'no'}",ua,pl,helsinki,bertweet,,all,27.6,160,r_ua_pl_helsinki_bertweet_epoch_ref_tweet_3.csv,tweet,no
328,"{'typ': 'r', 'dataset': 'ua', 'jazyk': 'hu', 'prekladac_do_aj': 'helsinki', 'model': 'bertweet', 'tweet': 'tweet', 'red': 'no'}",ua,hu,helsinki,bertweet,,all,27.6,157,r_ua_hu_helsinki_bertweet_epoch_ref_tweet_3.csv,tweet,no
50,"{'typ': 'r', 'dataset': 'ru', 'jazyk': 'cs', 'prekladac_do_aj': 'helsinki', 'model': 'bertweet', 'tweet': 'tweet', 'red': 'no'}",ru,cs,helsinki,bertweet,,all,24.7,431,r_ru_cs_helsinki_bertweet_epoch_ref_tweet_2.csv,tweet,no
0,,,,,,,,,,,,